t,x
0.000246885,0.202
0.000467544,0.202
0.000673041,0.206
0.000868263,0.206
0.00105708,0.206
0.0012416,0.206
0.00142346,0.206
0.00160349,0.21
0.00178209,0.21
0.00195941,0.21
0.00213558,0.21
0.00231093,0.214
0.00248577,0.214
0.00266041,0.214
0.00283511,0.214
0.0030101,0.214
0.00318528,0.218
0.00336055,0.218
0.00353599,0.218
0.00371166,0.218
0.00388767,0.222
0.004064,0.222
0.00424065,0.222
0.00441762,0.222
0.00459492,0.222
0.00477257,0.226
0.0049506,0.226
0.00512914,0.226
0.0053078,0.226
0.00548647,0.23
0.00566491,0.23
0.00584323,0.23
0.00602149,0.23
0.00619978,0.23
0.0063781,0.234
0.00655645,0.234
0.00673483,0.234
0.00691324,0.234
0.0070917,0.238
0.00727026,0.238
0.00744894,0.238
0.00762775,0.238
0.00780671,0.238
0.00798589,0.242
0.00816511,0.242
0.00834433,0.242
0.00852357,0.242
0.00870274,0.246
0.00888185,0.246
0.00906095,0.246
0.00924006,0.246
0.00941919,0.246
0.00959832,0.25
0.00977745,0.25
0.00995661,0.25
0.0101358,0.25
0.0103151,0.254
0.0104944,0.254
0.0106738,0.254
0.0108533,0.254
0.0110329,0.254
0.0112125,0.258
0.0113921,0.258
0.0115716,0.258
0.0117512,0.258
0.0119307,0.262
0.0121102,0.262
0.0122897,0.262
0.0124692,0.262
0.0126487,0.262
0.0128282,0.266
0.0130078,0.266
0.0131873,0.266
0.013367,0.266
0.0135467,0.27
0.0137264,0.27
0.0139062,0.27
0.014086,0.27
0.0142659,0.274
0.0144456,0.274
0.0146254,0.274
0.0148051,0.274
0.0149849,0.274
0.0151646,0.278
0.0153444,0.278
0.0155241,0.278
0.0157039,0.278
0.0158837,0.282
0.0160635,0.282
0.0162433,0.282
0.0164232,0.282
0.0166031,0.282
0.0167831,0.286
0.0169631,0.286
0.017143,0.286
0.017323,0.286
0.0175029,0.29
0.0176828,0.29
0.0178627,0.29
0.0180426,0.29
0.0182226,0.294
0.0184025,0.294
0.0185824,0.294
0.0187623,0.294
0.0189423,0.294
0.0191223,0.298
0.0193023,0.298
0.0194824,0.298
0.0196625,0.298
0.0198425,0.302
0.0200226,0.302
0.0202027,0.302
0.0203827,0.302
0.0205628,0.306
0.0207428,0.306
0.0209228,0.306
0.0211029,0.306
0.0212829,0.306
0.021463,0.31
0.021643,0.31
0.0218231,0.31
0.0220032,0.31
0.0221833,0.314
0.0223635,0.314
0.0225437,0.314
0.0227239,0.314
0.022904,0.314
0.0230842,0.318
0.0232643,0.318
0.0234444,0.318
0.0236246,0.318
0.0238047,0.322
0.0239848,0.322
0.024165,0.322
0.0243451,0.322
0.0245253,0.326
0.0247054,0.326
0.0248856,0.326
0.0250659,0.326
0.0252461,0.326
0.0254264,0.33
0.0256066,0.33
0.0257868,0.33
0.0259671,0.33
0.0261473,0.334
0.0263275,0.334
0.0265077,0.334
0.0266879,0.334
0.0268681,0.338
0.0270483,0.338
0.0272286,0.338
0.0274088,0.338
0.027589,0.338
0.0277693,0.342
0.0279496,0.342
0.0281299,0.342
0.0283102,0.342
0.0284905,0.346
0.0286708,0.346
0.0288511,0.346
0.0290314,0.346
0.0292116,0.35
0.0293919,0.35
0.0295722,0.35
0.0297525,0.35
0.0299328,0.35
0.030113,0.354
0.0302933,0.354
0.0304737,0.354
0.030654,0.354
0.0308344,0.358
0.0310147,0.358
0.0311951,0.358
0.0313754,0.358
0.0315558,0.362
0.0317361,0.362
0.0319164,0.362
0.0320967,0.362
0.0322771,0.362
0.0324574,0.366
0.0326377,0.366
0.0328181,0.366
0.0329984,0.366
0.0331788,0.37
0.0333592,0.37
0.0335396,0.37
0.03372,0.37
0.0339004,0.374
0.0340808,0.374
0.0342611,0.374
0.0344415,0.374
0.0346219,0.374
0.0348023,0.378
0.0349827,0.378
0.035163,0.378
0.0353434,0.378
0.0355238,0.382
0.0357042,0.382
0.0358846,0.382
0.036065,0.382
0.0362454,0.386
0.0364259,0.386
0.0366063,0.386
0.0367867,0.386
0.0369672,0.386
0.0371476,0.39
0.037328,0.39
0.0375084,0.39
0.0376888,0.39
0.0378693,0.394
0.0380497,0.394
0.0382301,0.394
0.0384105,0.394
0.0385909,0.398
0.0387714,0.398
0.0389518,0.398
0.0391323,0.398
0.0393128,0.398
0.0394933,0.402
0.0396737,0.402
0.0398541,0.402
0.0400345,0.402
0.0402149,0.406
0.0403952,0.406
0.0405755,0.406
0.0407558,0.406
0.0409361,0.41
0.0411164,0.41
0.0412967,0.41
0.0414772,0.41
0.0416577,0.41
0.0418384,0.414
0.0420193,0.414
0.0422004,0.414
0.0423817,0.414
0.0425631,0.418
0.0427446,0.418
0.0429261,0.418
0.0431077,0.418
0.0432893,0.422
0.0434709,0.422
0.0436526,0.422
0.0438343,0.422
0.0440161,0.422
0.0441979,0.426
0.0443797,0.426
0.0445616,0.426
0.0447435,0.426
0.0449254,0.43
0.0451074,0.43
0.0452893,0.43
0.0454713,0.43
0.0456533,0.434
0.0458354,0.434
0.0460174,0.434
0.0461995,0.434
0.0463815,0.434
0.0465636,0.438
0.0467457,0.438
0.0469278,0.438
0.0471099,0.438
0.047292,0.442
0.0474742,0.442
0.0476563,0.442
0.0478384,0.442
0.0480206,0.446
0.0482027,0.446
0.0483849,0.446
0.048567,0.446
0.0487492,0.45
0.0489314,0.45
0.0491136,0.45
0.0492958,0.45
0.049478,0.45
0.0496603,0.454
0.0498425,0.454
0.0500247,0.454
0.0502069,0.454
0.0503891,0.458
0.0505713,0.458
0.0507535,0.458
0.0509357,0.458
0.0511179,0.462
0.0513,0.462
0.0514822,0.462
0.0516644,0.462
0.0518466,0.462
0.0520287,0.466
0.0522109,0.466
0.0523931,0.466
0.0525753,0.466
0.0527575,0.47
0.0529397,0.47
0.0531219,0.47
0.0533041,0.47
0.0534863,0.474
0.0536685,0.474
0.0538507,0.474
0.0540329,0.474
0.054215,0.474
0.0543972,0.478
0.0545794,0.478
0.0547615,0.478
0.0549437,0.478
0.0551258,0.482
0.055308,0.482
0.0554901,0.482
0.0556723,0.482
0.0558545,0.486
0.0560367,0.486
0.0562189,0.486
0.0564011,0.486
0.0565832,0.49
0.0567654,0.49
0.0569476,0.49
0.0571298,0.49
0.057312,0.49
0.0574942,0.494
0.0576764,0.494
0.0578586,0.494
0.0580408,0.494
0.058223,0.498
0.0584052,0.498
0.0585874,0.498
0.0587696,0.498
0.0589518,0.502
0.059134,0.502
0.0593162,0.502
0.0594984,0.502
0.0596806,0.502
0.0598628,0.506
0.060045,0.506
0.0602272,0.506
0.0604094,0.506
0.0605916,0.51
0.0607738,0.51
0.060956,0.51
0.0611382,0.51
0.0613203,0.514
0.0615025,0.514
0.0616846,0.514
0.0618668,0.514
0.0620489,0.518
0.0622311,0.518
0.0624132,0.518
0.0625954,0.518
0.0627775,0.518
0.0629597,0.522
0.0631418,0.522
0.063324,0.522
0.0635062,0.522
0.0636883,0.526
0.0638705,0.526
0.0640527,0.526
0.0642349,0.526
0.0644171,0.53
0.0645993,0.53
0.0647815,0.53
0.0649637,0.53
0.0651459,0.53
0.065328,0.534
0.0655102,0.534
0.0656924,0.534
0.0658746,0.534
0.0660568,0.538
0.066239,0.538
0.0664212,0.538
0.0666034,0.538
0.0667856,0.542
0.0669678,0.542
0.06715,0.542
0.0673322,0.542
0.0675144,0.542
0.0676966,0.546
0.0678788,0.546
0.0680611,0.546
0.0682433,0.546
0.0684255,0.55
0.0686077,0.55
0.0687899,0.55
0.0689721,0.55
0.0691543,0.554
0.0693365,0.554
0.0695187,0.554
0.0697009,0.554
0.0698831,0.558
0.0700653,0.558
0.0702475,0.558
0.0704297,0.558
0.0706118,0.558
0.070794,0.562
0.0709762,0.562
0.0711584,0.562
0.0713406,0.562
0.0715228,0.566
0.071705,0.566
0.0718872,0.566
0.0720693,0.566
0.0722515,0.57
0.0724337,0.57
0.0726159,0.57
0.0727981,0.57
0.0729803,0.57
0.0731625,0.574
0.0733447,0.574
0.0735269,0.574
0.0737091,0.574
0.0738914,0.578
0.0740736,0.578
0.0742558,0.578
0.0744381,0.578
0.0746204,0.582
0.0748027,0.582
0.074985,0.582
0.0751674,0.582
0.0753498,0.586
0.0755322,0.586
0.0757147,0.586
0.0758973,0.586
0.0760799,0.586
0.0762627,0.59
0.0764455,0.59
0.0766285,0.59
0.0768115,0.59
0.0769947,0.594
0.077178,0.594
0.0773616,0.594
0.0775452,0.594
0.0777289,0.598
0.0779128,0.598
0.0780969,0.598
0.0782813,0.598
0.0784659,0.598
0.0786506,0.602
0.0788354,0.602
0.0790204,0.602
0.0792057,0.602
0.0793912,0.606
0.0795769,0.606
0.0797629,0.606
0.0799491,0.606
0.0801355,0.61
0.0803221,0.61
0.0805089,0.61
0.0806959,0.61
0.0808832,0.614
0.0810708,0.614
0.0812588,0.614
0.0814468,0.614
0.0816351,0.618
0.0818236,0.618
0.0820123,0.618
0.0822013,0.618
0.0823905,0.622
0.0825801,0.622
0.0827699,0.622
0.0829599,0.622
0.0831501,0.622
0.0833405,0.626
0.0835311,0.626
0.083722,0.626
0.0839132,0.626
0.0841047,0.63
0.0842964,0.63
0.0844883,0.63
0.0846804,0.63
0.0848727,0.634
0.0850652,0.634
0.085258,0.634
0.0854511,0.634
0.0856444,0.638
0.0858381,0.638
0.086032,0.638
0.086226,0.638
0.0864202,0.642
0.0866146,0.642
0.0868093,0.642
0.0870043,0.642
0.0871995,0.646
0.087395,0.646
0.0875908,0.646
0.0877868,0.646
0.0879829,0.65
0.0881792,0.65
0.0883758,0.65
0.0885726,0.65
0.0887697,0.654
0.088967,0.654
0.0891647,0.654
0.0893625,0.654
0.0895606,0.658
0.0897588,0.658
0.0899572,0.658
0.0901558,0.658
0.0903547,0.662
0.0905539,0.662
0.0907533,0.662
0.090953,0.662
0.0911529,0.666
0.091353,0.666
0.0915533,0.666
0.0917538,0.666
0.0919545,0.67
0.0921554,0.67
0.0923566,0.67
0.0925581,0.67
0.0927599,0.674
0.0929619,0.674
0.093164,0.674
0.0933663,0.678
0.0935689,0.678
0.0937717,0.678
0.0939747,0.678
0.094178,0.682
0.0943815,0.682
0.0945854,0.682
0.0947895,0.682
0.0949937,0.686
0.0951981,0.686
0.0954028,0.686
0.0956077,0.686
0.0958128,0.69
0.0960182,0.69
0.0962239,0.69
0.0964298,0.69
0.096636,0.694
0.0968424,0.694
0.0970489,0.694
0.0972557,0.694
0.0974626,0.698
0.0976698,0.698
0.0978773,0.698
0.098085,0.702
0.098293,0.702
0.0985013,0.702
0.0987097,0.702
0.0989183,0.706
0.0991271,0.706
0.0993361,0.706
0.0995454,0.706
0.0997549,0.71
0.0999646,0.71
0.100175,0.71
0.100385,0.71
0.100595,0.714
0.100806,0.714
0.101017,0.714
0.101228,0.718
0.101439,0.718
0.101651,0.718
0.101863,0.718
0.102075,0.722
0.102287,0.722
0.1025,0.722
0.102713,0.722
0.102926,0.726
0.103139,0.726
0.103352,0.726
0.103566,0.73
0.10378,0.73
0.103994,0.73
0.104209,0.73
0.104423,0.734
0.104638,0.734
0.104854,0.734
0.105069,0.734
0.105285,0.738
0.1055,0.738
0.105716,0.738
0.105933,0.742
0.106149,0.742
0.106366,0.742
0.106583,0.742
0.1068,0.746
0.107018,0.746
0.107236,0.746
0.107454,0.75
0.107672,0.75
0.10789,0.75
0.108109,0.75
0.108328,0.754
0.108547,0.754
0.108766,0.754
0.108986,0.754
0.109206,0.758
0.109426,0.758
0.109647,0.758
0.109867,0.762
0.110088,0.762
0.110309,0.762
0.110531,0.762
0.110752,0.766
0.110974,0.766
0.111196,0.766
0.111419,0.77
0.111641,0.77
0.111864,0.77
0.112087,0.77
0.112311,0.774
0.112534,0.774
0.112758,0.774
0.112982,0.778
0.113206,0.778
0.113431,0.778
0.113656,0.778
0.113881,0.782
0.114106,0.782
0.114332,0.782
0.114558,0.786
0.114784,0.786
0.11501,0.786
0.115236,0.786
0.115463,0.79
0.11569,0.79
0.115917,0.79
0.116145,0.794
0.116373,0.794
0.116601,0.794
0.116829,0.798
0.117057,0.798
0.117286,0.798
0.117515,0.798
0.117744,0.802
0.117973,0.802
0.118203,0.802
0.118433,0.806
0.118663,0.806
0.118894,0.806
0.119124,0.806
0.119355,0.81
0.119587,0.81
0.119818,0.81
0.12005,0.814
0.120282,0.814
0.120514,0.814
0.120746,0.818
0.120979,0.818
0.121212,0.818
0.121445,0.818
0.121678,0.822
0.121912,0.822
0.122146,0.822
0.122381,0.826
0.122615,0.826
0.12285,0.826
0.123085,0.826
0.12332,0.83
0.123555,0.83
0.123791,0.83
0.124027,0.834
0.124263,0.834
0.1245,0.834
0.124737,0.838
0.124974,0.838
0.125211,0.838
0.125449,0.842
0.125687,0.842
0.125925,0.842
0.126163,0.842
0.126402,0.846
0.12664,0.846
0.12688,0.846
0.127119,0.85
0.127359,0.85
0.127598,0.85
0.127839,0.854
0.128079,0.854
0.12832,0.854
0.128561,0.854
0.128802,0.858
0.129043,0.858
0.129285,0.858
0.129526,0.862
0.129769,0.862
0.130011,0.862
0.130254,0.866
0.130497,0.866
0.13074,0.866
0.130983,0.87
0.131227,0.87
0.131471,0.87
0.131715,0.874
0.13196,0.874
0.132204,0.874
0.132449,0.874
0.132695,0.878
0.13294,0.878
0.133186,0.878
0.133432,0.882
0.133678,0.882
0.133925,0.882
0.134172,0.886
0.134419,0.886
0.134667,0.886
0.134914,0.89
0.135162,0.89
0.13541,0.89
0.135659,0.894
0.135907,0.894
0.136156,0.894
0.136405,0.898
0.136655,0.898
0.136905,0.898
0.137155,0.898
0.137405,0.902
0.137656,0.902
0.137907,0.902
0.138158,0.906
0.138409,0.906
0.138661,0.906
0.138913,0.91
0.139165,0.91
0.139417,0.91
0.13967,0.914
0.139923,0.914
0.140176,0.914
0.14043,0.918
0.140684,0.918
0.140938,0.918
0.141193,0.922
0.141447,0.922
0.141702,0.922
0.141958,0.926
0.142213,0.926
0.142469,0.926
0.142725,0.93
0.142982,0.93
0.143238,0.93
0.143495,0.934
0.143752,0.934
0.14401,0.934
0.144268,0.938
0.144526,0.938
0.144784,0.938
0.145042,0.942
0.145301,0.942
0.145559,0.942
0.145818,0.946
0.146077,0.946
0.146335,0.946
0.146594,0.95
0.146853,0.95
0.147111,0.95
0.14737,0.954
0.147629,0.954
0.147887,0.954
0.148146,0.958
0.148405,0.958
0.148663,0.958
0.148922,0.962
0.149181,0.962
0.149439,0.962
0.149698,0.962
0.149957,0.966
0.150216,0.966
0.150474,0.966
0.150734,0.97
0.150992,0.97
0.15125,0.97
0.15151,0.974
0.151768,0.974
0.152027,0.974
0.152287,0.978
0.152545,0.978
0.152804,0.978
0.153063,0.982
0.153322,0.982
0.15358,0.982
0.15384,0.986
0.154098,0.986
0.154357,0.986
0.154617,0.99
0.154875,0.99
0.155134,0.99
0.155394,0.994
0.155652,0.994
0.155911,0.994
0.15617,0.998
0.156429,0.998
0.156688,0.998
0.156947,1.002
0.157206,1.002
0.157464,1.002
0.157724,1.006
0.157983,1.006
0.158241,1.006
0.158501,1.01
0.15876,1.01
0.159018,1.01
0.159278,1.014
0.159536,1.014
0.159795,1.014
0.160055,1.018
0.160313,1.018
0.160572,1.018
0.160832,1.022
0.16109,1.022
0.161349,1.022
0.161608,1.026
0.161867,1.026
0.162125,1.026
0.162385,1.03
0.162644,1.03
0.162902,1.03
0.163162,1.034
0.16342,1.034
0.163679,1.034
0.163938,1.038
0.164197,1.038
0.164455,1.038
0.164715,1.042
0.164974,1.042
0.165232,1.042
0.165492,1.046
0.16575,1.046
0.166009,1.046
0.166268,1.05
0.166527,1.05
0.166785,1.05
0.167045,1.054
0.167303,1.054
0.167562,1.054
0.167821,1.058
0.16808,1.058
0.168338,1.058
0.168598,1.062
0.168856,1.062
0.169115,1.062
0.169374,1.066
0.169633,1.066
0.169891,1.066
0.170151,1.07
0.170409,1.07
0.170668,1.07
0.170927,1.074
0.171186,1.074
0.171444,1.074
0.171704,1.078
0.171963,1.078
0.172221,1.078
0.17248,1.082
0.172739,1.082
0.172997,1.082
0.173256,1.086
0.173515,1.086
0.173773,1.086
0.174032,1.09
0.174292,1.09
0.17455,1.09
0.17481,1.094
0.175069,1.094
0.175327,1.094
0.175587,1.098
0.175846,1.098
0.176104,1.098
0.176364,1.102
0.176623,1.102
0.176881,1.102
0.17714,1.106
0.177399,1.106
0.177658,1.106
0.177917,1.11
0.178176,1.11
0.178434,1.11
0.178693,1.114
0.178952,1.114
0.17921,1.114
0.179469,1.118
0.179728,1.118
0.179986,1.118
0.180245,1.122
0.180504,1.122
0.180762,1.122
0.181021,1.126
0.18128,1.126
0.181538,1.126
0.181797,1.13
0.182056,1.13
0.182314,1.13
0.182573,1.134
0.182832,1.134
0.18309,1.134
0.183349,1.138
0.183608,1.138
0.183866,1.138
0.184125,1.138
0.184384,1.142
0.184643,1.142
0.184901,1.142
0.185161,1.146
0.185419,1.146
0.185678,1.146
0.185937,1.15
0.186196,1.15
0.186455,1.15
0.186714,1.154
0.186973,1.154
0.187231,1.154
0.187491,1.158
0.187749,1.158
0.188008,1.158
0.188268,1.162
0.188526,1.162
0.188785,1.162
0.189045,1.166
0.189303,1.166
0.189562,1.166
0.189821,1.17
0.19008,1.17
0.190339,1.17
0.190598,1.174
0.190857,1.174
0.191115,1.174
0.191375,1.178
0.191634,1.178
0.191892,1.178
0.192152,1.182
0.192411,1.182
0.192669,1.182
0.192929,1.186
0.193187,1.186
0.193446,1.186
0.193706,1.19
0.193964,1.19
0.194223,1.19
0.194483,1.194
0.194741,1.194
0.195,1.194
0.195259,1.198
0.195518,1.198
0.195776,1.198
0.196036,1.202
0.196295,1.202
0.196553,1.202
0.196813,1.206
0.197071,1.206
0.19733,1.206
0.197589,1.21
0.197848,1.21
0.198106,1.21
0.198366,1.214
0.198624,1.214
0.198883,1.214
0.199142,1.218
0.199401,1.218
0.199659,1.218
0.199919,1.222
0.200177,1.222
0.200436,1.222
0.200695,1.226
0.200954,1.226
0.201212,1.226
0.201472,1.23
0.20173,1.23
0.201989,1.23
0.202248,1.234
0.202507,1.234
0.202765,1.234
0.203025,1.238
0.203283,1.238
0.203542,1.238
0.203801,1.242
0.20406,1.242
0.204318,1.242
0.204578,1.246
0.204837,1.246
0.205095,1.246
0.205354,1.25
0.205613,1.25
0.205872,1.25
0.206131,1.254
0.206389,1.254
0.206647,1.254
0.206906,1.258
0.207165,1.258
0.207424,1.258
0.207683,1.262
0.207942,1.262
0.208201,1.262
0.20846,1.266
0.208719,1.266
0.208978,1.266
0.209237,1.27
0.209496,1.27
0.209755,1.27
0.210014,1.274
0.210273,1.274
0.210532,1.274
0.210791,1.278
0.21105,1.278
0.211308,1.278
0.211567,1.282
0.211826,1.282
0.212084,1.282
0.212343,1.286
0.212602,1.286
0.21286,1.286
0.213119,1.29
0.213378,1.29
0.213636,1.29
0.213895,1.294
0.214154,1.294
0.214412,1.294
0.214671,1.298
0.21493,1.298
0.215188,1.298
0.215447,1.302
0.215706,1.302
0.215964,1.302
0.216223,1.306
0.216482,1.306
0.21674,1.306
0.216999,1.31
0.217258,1.31
0.217516,1.31
0.217775,1.31
0.218034,1.314
0.218293,1.314
0.218551,1.314
0.218811,1.318
0.219069,1.318
0.219328,1.318
0.219587,1.322
0.219846,1.322
0.220104,1.322
0.220364,1.326
0.220622,1.326
0.220881,1.326
0.221141,1.33
0.221399,1.33
0.221658,1.33
0.221918,1.334
0.222176,1.334
0.222435,1.334
0.222694,1.338
0.222953,1.338
0.223212,1.338
0.223471,1.342
0.22373,1.342
0.223988,1.342
0.224248,1.346
0.224507,1.346
0.224765,1.346
0.225025,1.35
0.225283,1.35
0.225542,1.35
0.225802,1.354
0.22606,1.354
0.226319,1.354
0.226579,1.358
0.226837,1.358
0.227096,1.358
0.227356,1.362
0.227614,1.362
0.227873,1.362
0.228132,1.366
0.228391,1.366
0.22865,1.366
0.228909,1.37
0.229168,1.37
0.229426,1.37
0.229686,1.374
0.229945,1.374
0.230203,1.374
0.230463,1.378
0.230721,1.378
0.23098,1.378
0.231239,1.382
0.231498,1.382
0.231756,1.382
0.232016,1.386
0.232274,1.386
0.232533,1.386
0.232792,1.39
0.233051,1.39
0.233309,1.39
0.233569,1.394
0.233828,1.394
0.234086,1.394
0.234345,1.398
0.234604,1.398
0.234862,1.398
0.235122,1.402
0.235381,1.402
0.235639,1.402
0.235898,1.406
0.236157,1.406
0.236415,1.406
0.236675,1.41
0.236934,1.41
0.237192,1.41
0.237451,1.414
0.23771,1.414
0.237968,1.414
0.238228,1.418
0.238487,1.418
0.238745,1.418
0.239004,1.422
0.239263,1.422
0.239521,1.422
0.239781,1.426
0.24004,1.426
0.240298,1.426
0.240557,1.43
0.240816,1.43
0.241074,1.43
0.241333,1.434
0.241592,1.434
0.24185,1.434
0.242109,1.438
0.242368,1.438
0.242627,1.438
0.242886,1.442
0.243146,1.442
0.243404,1.442
0.243664,1.446
0.243923,1.446
0.244181,1.446
0.24444,1.45
0.244699,1.45
0.244958,1.45
0.245217,1.454
0.245476,1.454
0.245734,1.454
0.245993,1.458
0.246252,1.458
0.24651,1.458
0.246769,1.462
0.247028,1.462
0.247286,1.462
0.247545,1.466
0.247804,1.466
0.248062,1.466
0.248321,1.47
0.24858,1.47
0.248838,1.47
0.249097,1.474
0.249356,1.474
0.249614,1.474
0.249873,1.478
0.250132,1.478
0.25039,1.478
0.250649,1.482
0.250908,1.482
0.251166,1.482
0.251425,1.486
0.251684,1.486
0.251942,1.486
0.252201,1.486
0.25246,1.49
0.252718,1.49
0.252977,1.49
0.253236,1.494
0.253495,1.494
0.253753,1.494
0.254013,1.498
0.254271,1.498
0.25453,1.498
0.254789,1.502
0.255047,1.502
0.255306,1.502
0.255566,1.506
0.255824,1.506
0.256082,1.506
0.256342,1.51
0.2566,1.51
0.256859,1.51
0.257118,1.514
0.257377,1.514
0.257635,1.514
0.257895,1.518
0.258153,1.518
0.258412,1.518
0.258671,1.522
0.25893,1.522
0.259188,1.522
0.259448,1.526
0.259706,1.526
0.259964,1.526
0.260224,1.53
0.260482,1.53
0.260741,1.53
0.261,1.534
0.261259,1.534
0.261517,1.534
0.261777,1.538
0.262035,1.538
0.262293,1.538
0.262553,1.542
0.262811,1.542
0.26307,1.542
0.263329,1.546
0.263588,1.546
0.263846,1.546
0.264105,1.55
0.264364,1.55
0.264622,1.55
0.264881,1.554
0.26514,1.554
0.265398,1.554
0.265658,1.558
0.265916,1.558
0.266174,1.558
0.266434,1.562
0.266692,1.562
0.26695,1.562
0.26721,1.566
0.267468,1.566
0.267727,1.566
0.267986,1.57
0.268245,1.57
0.268503,1.57
0.268762,1.574
0.269021,1.574
0.269279,1.574
0.269538,1.578
0.269797,1.578
0.270055,1.578
0.270315,1.582
0.270573,1.582
0.270832,1.582
0.271091,1.586
0.27135,1.586
0.271608,1.586
0.271868,1.59
0.272126,1.59
0.272385,1.59
0.272644,1.594
0.272903,1.594
0.273161,1.594
0.273421,1.598
0.273679,1.598
0.273938,1.598
0.274197,1.602
0.274456,1.602
0.274714,1.602
0.274973,1.606
0.275232,1.606
0.27549,1.606
0.27575,1.61
0.276009,1.61
0.276268,1.61
0.276527,1.614
0.276787,1.614
0.277046,1.614
0.277305,1.618
0.277564,1.618
0.277823,1.618
0.278083,1.622
0.278342,1.622
0.278601,1.622
0.27886,1.626
0.279119,1.626
0.279378,1.626
0.279637,1.63
0.279897,1.63
0.280155,1.63
0.280414,1.634
0.280674,1.634
0.280932,1.634
0.281192,1.638
0.281451,1.638
0.281709,1.638
0.281969,1.642
0.282228,1.642
0.282487,1.642
0.282746,1.646
0.283005,1.646
0.283264,1.646
0.283523,1.65
0.283783,1.65
0.284041,1.65
0.284301,1.654
0.28456,1.654
0.284819,1.654
0.285079,1.658
0.285338,1.658
0.285597,1.658
0.285856,1.662
0.286116,1.662
0.286375,1.662
0.286635,1.662
0.286895,1.666
0.287154,1.666
0.287413,1.666
0.287673,1.67
0.287932,1.67
0.288192,1.67
0.288452,1.674
0.288711,1.674
0.288971,1.674
0.289231,1.678
0.28949,1.678
0.28975,1.678
0.29001,1.682
0.29027,1.682
0.290529,1.682
0.29079,1.686
0.291049,1.686
0.291309,1.686
0.29157,1.69
0.291829,1.69
0.292089,1.69
0.29235,1.694
0.292609,1.694
0.292869,1.694
0.29313,1.698
0.29339,1.698
0.29365,1.698
0.293911,1.702
0.29417,1.702
0.29443,1.702
0.294691,1.706
0.294951,1.706
0.295211,1.706
0.295472,1.71
0.295732,1.71
0.295992,1.71
0.296254,1.714
0.296513,1.714
0.296774,1.714
0.297035,1.718
0.297295,1.718
0.297555,1.718
0.297817,1.722
0.298077,1.722
0.298337,1.722
0.298599,1.726
0.298859,1.726
0.299119,1.726
0.299381,1.73
0.299641,1.73
0.299902,1.73
0.300163,1.734
0.300424,1.734
0.300684,1.734
0.300946,1.738
0.301206,1.738
0.301467,1.738
0.301728,1.742
0.301989,1.742
0.302249,1.742
0.302511,1.746
0.302772,1.746
0.303032,1.746
0.303294,1.75
0.303555,1.75
0.303815,1.75
0.304077,1.754
0.304338,1.754
0.304599,1.754
0.304861,1.758
0.305121,1.758
0.305382,1.758
0.305644,1.762
0.305905,1.762
0.306166,1.762
0.306428,1.766
0.306689,1.766
0.30695,1.766
0.307212,1.77
0.307473,1.77
0.307734,1.77
0.307996,1.774
0.308257,1.774
0.308518,1.774
0.30878,1.778
0.309042,1.778
0.309303,1.778
0.309565,1.782
0.309826,1.782
0.310087,1.782
0.31035,1.786
0.310611,1.786
0.310872,1.786
0.311135,1.79
0.311396,1.79
0.311657,1.79
0.31192,1.794
0.312181,1.794
0.312443,1.794
0.312705,1.798
0.312967,1.798
0.313228,1.798
0.313491,1.802
0.313752,1.802
0.314014,1.802
0.314277,1.806
0.314538,1.806
0.3148,1.806
0.315063,1.81
0.315324,1.81
0.315585,1.81
0.315848,1.814
0.31611,1.814
0.316371,1.814
0.316634,1.818
0.316896,1.818
0.317158,1.818
0.317421,1.822
0.317684,1.822
0.317946,1.822
0.318209,1.826
0.318471,1.826
0.318733,1.826
0.318996,1.83
0.319258,1.83
0.31952,1.83
0.319783,1.834
0.320045,1.834
0.320307,1.834
0.32057,1.838
0.320832,1.838
0.321094,1.838
0.321357,1.842
0.321619,1.842
0.321881,1.842
0.322144,1.846
0.322407,1.846
0.322668,1.846
0.322931,1.85
0.323194,1.85
0.323455,1.85
0.323718,1.854
0.323981,1.854
0.324243,1.854
0.324505,1.858
0.324768,1.858
0.32503,1.858
0.325293,1.862
0.325555,1.862
0.325817,1.862
0.32608,1.866
0.326343,1.866
0.326604,1.866
0.326867,1.87
0.32713,1.87
0.327392,1.87
0.327655,1.874
0.327918,1.874
0.32818,1.874
0.328443,1.878
0.328705,1.878
0.328967,1.878
0.32923,1.882
0.329493,1.882
0.329755,1.882
0.330018,1.886
0.330281,1.886
0.330544,1.886
0.330807,1.89
0.33107,1.89
0.331332,1.89
0.331595,1.894
0.331858,1.894
0.332121,1.894
0.332384,1.894
0.332647,1.898
0.33291,1.898
0.333173,1.898
0.333436,1.902
0.333699,1.902
0.333962,1.902
0.334226,1.906
0.334488,1.906
0.334752,1.906
0.335016,1.91
0.335278,1.91
0.335542,1.91
0.335806,1.914
0.336068,1.914
0.336332,1.914
0.336596,1.918
0.336859,1.918
0.337122,1.918
0.337386,1.922
0.337649,1.922
0.337913,1.922
0.338177,1.926
0.33844,1.926
0.338704,1.926
0.338968,1.93
0.339231,1.93
0.339495,1.93
0.33976,1.934
0.340023,1.934
0.340287,1.934
0.340551,1.938
0.340814,1.938
0.341078,1.938
0.341343,1.942
0.341606,1.942
0.34187,1.942
0.342135,1.946
0.342399,1.946
0.342663,1.946
0.342928,1.95
0.343191,1.95
0.343455,1.95
0.34372,1.954
0.343984,1.954
0.344248,1.954
0.344513,1.958
0.344777,1.958
0.345041,1.958
0.345306,1.962
0.34557,1.962
0.345834,1.962
0.3461,1.966
0.346364,1.966
0.346628,1.966
0.346893,1.97
0.347157,1.97
0.347422,1.97
0.347687,1.974
0.347951,1.974
0.348216,1.974
0.348482,1.978
0.348746,1.978
0.34901,1.978
0.349276,1.982
0.34954,1.982
0.349805,1.982
0.350071,1.986
0.350335,1.986
0.3506,1.986
0.350865,1.99
0.35113,1.99
0.351395,1.99
0.351661,1.994
0.351925,1.994
0.35219,1.994
0.352456,1.998
0.35272,1.998
0.352985,1.998
0.353251,2.002
0.353516,2.002
0.353781,2.002
0.354047,2.006
0.354312,2.006
0.354577,2.006
0.354843,2.01
0.355108,2.01
0.355373,2.01
0.355639,2.014
0.355904,2.014
0.356169,2.014
0.356435,2.018
0.3567,2.018
0.356965,2.018
0.357232,2.022
0.357497,2.022
0.357762,2.022
0.358028,2.026
0.358293,2.026
0.358558,2.026
0.358825,2.03
0.35909,2.03
0.359355,2.03
0.359622,2.034
0.359887,2.034
0.360153,2.034
0.360419,2.038
0.360684,2.038
0.36095,2.038
0.361217,2.042
0.361482,2.042
0.361747,2.042
0.362014,2.046
0.362279,2.046
0.362545,2.046
0.362812,2.05
0.363077,2.05
0.363343,2.05
0.363609,2.054
0.363875,2.054
0.36414,2.054
0.364407,2.058
0.364673,2.058
0.364939,2.058
0.365206,2.062
0.365471,2.062
0.365737,2.062
0.366004,2.066
0.366269,2.066
0.366535,2.066
0.366802,2.07
0.367068,2.07
0.367334,2.07
0.367601,2.074
0.367867,2.074
0.368132,2.074
0.3684,2.078
0.368665,2.078
0.368931,2.078
0.369199,2.082
0.369464,2.082
0.36973,2.082
0.369998,2.086
0.370264,2.086
0.37053,2.086
0.370797,2.09
0.371063,2.09
0.371329,2.09
0.371596,2.094
0.371862,2.094
0.372128,2.094
0.372396,2.098
0.372662,2.098
0.372928,2.098
0.373195,2.102
0.373462,2.102
0.373728,2.102
0.373995,2.106
0.374262,2.106
0.374528,2.106
0.374795,2.11
0.375061,2.11
0.375327,2.11
0.375594,2.114
0.37586,2.114
0.376127,2.114
0.376394,2.118
0.376661,2.118
0.376927,2.118
0.377195,2.122
0.377462,2.122
0.377728,2.122
0.377996,2.126
0.378263,2.126
0.378529,2.126
0.378797,2.13
0.379064,2.13
0.37933,2.13
0.379598,2.134
0.379864,2.134
0.380131,2.134
0.380398,2.138
0.380665,2.138
0.380931,2.138
0.381199,2.142
0.381465,2.142
0.381731,2.142
0.381999,2.146
0.382265,2.146
0.382531,2.146
0.382799,2.15
0.383065,2.15
0.383332,2.15
0.383599,2.154
0.383865,2.154
0.384132,2.154
0.384399,2.158
0.384665,2.158
0.384931,2.158
0.385199,2.162
0.385465,2.162
0.385731,2.162
0.385999,2.166
0.386265,2.166
0.386531,2.166
0.386799,2.17
0.387065,2.17
0.387331,2.17
0.387599,2.174
0.387865,2.174
0.388131,2.174
0.388399,2.178
0.388665,2.178
0.388932,2.178
0.389199,2.182
0.389466,2.182
0.389732,2.182
0.389999,2.186
0.390266,2.186
0.390532,2.186
0.3908,2.19
0.391066,2.19
0.391332,2.19
0.3916,2.194
0.391867,2.194
0.392133,2.194
0.392401,2.198
0.392667,2.198
0.392934,2.198
0.393201,2.202
0.393468,2.202
0.393734,2.202
0.394002,2.206
0.394269,2.206
0.394535,2.206
0.394803,2.21
0.39507,2.21
0.395336,2.21
0.395604,2.214
0.395871,2.214
0.396137,2.214
0.396405,2.218
0.396672,2.218
0.396939,2.218
0.397206,2.222
0.397473,2.222
0.39774,2.222
0.398008,2.226
0.398275,2.226
0.398541,2.226
0.398809,2.23
0.399077,2.23
0.399343,2.23
0.399611,2.234
0.399878,2.234
0.400145,2.234
0.400413,2.238
0.40068,2.238
0.400947,2.238
0.401215,2.242
0.401482,2.242
0.401749,2.242
0.402017,2.242
0.402285,2.246
0.402551,2.246
0.402819,2.246
0.403087,2.25
0.403354,2.25
0.403622,2.25
0.403889,2.254
0.404156,2.254
0.404424,2.254
0.404692,2.258
0.404959,2.258
0.405227,2.258
0.405495,2.262
0.405762,2.262
0.40603,2.262
0.406298,2.266
0.406565,2.266
0.406833,2.266
0.407101,2.27
0.407368,2.27
0.407636,2.27
0.407904,2.274
0.408172,2.274
0.40844,2.274
0.408708,2.278
0.408975,2.278
0.409243,2.278
0.409512,2.282
0.409779,2.282
0.410047,2.282
0.410316,2.286
0.410583,2.286
0.410852,2.286
0.41112,2.29
0.411387,2.29
0.411656,2.29
0.411924,2.294
0.412192,2.294
0.41246,2.294
0.412729,2.298
0.412997,2.298
0.413265,2.298
0.413534,2.302
0.413801,2.302
0.41407,2.302
0.414339,2.306
0.414607,2.306
0.414875,2.306
0.415144,2.31
0.415412,2.31
0.41568,2.31
0.415949,2.314
0.416217,2.314
0.416486,2.314
0.416755,2.318
0.417023,2.318
0.417292,2.318
0.417561,2.322
0.417829,2.322
0.418097,2.322
0.418367,2.326
0.418635,2.326
0.418903,2.326
0.419173,2.33
0.419441,2.33
0.41971,2.33
0.419979,2.334
0.420247,2.334
0.420516,2.334
0.420786,2.338
0.421054,2.338
0.421323,2.338
0.421592,2.342
0.42186,2.342
0.422129,2.342
0.422399,2.346
0.422667,2.346
0.422936,2.346
0.423206,2.35
0.423475,2.35
0.423744,2.35
0.424013,2.354
0.424282,2.354
0.424551,2.354
0.424821,2.358
0.42509,2.358
0.425359,2.358
0.425629,2.362
0.425897,2.362
0.426167,2.362
0.426437,2.366
0.426705,2.366
0.426975,2.366
0.427245,2.37
0.427514,2.37
0.427783,2.37
0.428053,2.374
0.428322,2.374
0.428591,2.374
0.428862,2.378
0.429131,2.378
0.4294,2.378
0.42967,2.382
0.429939,2.382
0.430209,2.382
0.430479,2.386
0.430748,2.386
0.431018,2.386
0.431288,2.39
0.431557,2.39
0.431827,2.39
0.432097,2.394
0.432366,2.394
0.432636,2.394
0.432907,2.398
0.433176,2.398
0.433445,2.398
0.433716,2.402
0.433985,2.402
0.434255,2.402
0.434526,2.406
0.434795,2.406
0.435065,2.406
0.435336,2.41
0.435605,2.41
0.435874,2.41
0.436145,2.414
0.436415,2.414
0.436684,2.414
0.436955,2.418
0.437225,2.418
0.437495,2.418
0.437766,2.422
0.438035,2.422
0.438305,2.422
0.438576,2.426
0.438845,2.426
0.439115,2.426
0.439386,2.43
0.439656,2.43
0.439925,2.43
0.440197,2.434
0.440466,2.434
0.440736,2.434
0.441007,2.438
0.441277,2.438
0.441547,2.438
0.441818,2.442
0.442088,2.442
0.442358,2.442
0.442629,2.446
0.442899,2.446
0.443169,2.446
0.44344,2.45
0.44371,2.45
0.44398,2.45
0.444251,2.454
0.444521,2.454
0.444791,2.454
0.445062,2.458
0.445332,2.458
0.445602,2.458
0.445874,2.462
0.446143,2.462
0.446414,2.462
0.446685,2.466
0.446955,2.466
0.447225,2.466
0.447497,2.47
0.447767,2.47
0.448037,2.47
0.448308,2.474
0.448578,2.474
0.448849,2.474
0.44912,2.478
0.44939,2.478
0.449661,2.478
0.449932,2.482
0.450202,2.482
0.450473,2.482
0.450744,2.486
0.451014,2.486
0.451285,2.486
0.451557,2.49
0.451827,2.49
0.452097,2.49
0.452369,2.494
0.452639,2.494
0.452909,2.494
0.453181,2.498
0.453451,2.498
0.453722,2.498
0.453994,2.502
0.454264,2.502
0.454535,2.502
0.454807,2.506
0.455077,2.506
0.455347,2.506
0.455619,2.51
0.45589,2.51
0.45616,2.51
0.456432,2.514
0.456702,2.514
0.456973,2.514
0.457245,2.518
0.457516,2.518
0.457786,2.518
0.458058,2.522
0.458329,2.522
0.458599,2.522
0.458872,2.526
0.459142,2.526
0.459413,2.526
0.459685,2.53
0.459955,2.53
0.460226,2.53
0.460498,2.534
0.460769,2.534
0.46104,2.534
0.461312,2.538
0.461582,2.538
0.461853,2.538
0.462126,2.542
0.462396,2.542
0.462667,2.542
0.462939,2.546
0.46321,2.546
0.463481,2.546
0.463753,2.55
0.464024,2.55
0.464295,2.55
0.464567,2.554
0.464838,2.554
0.465109,2.554
0.465381,2.558
0.465652,2.558
0.465923,2.558
0.466195,2.562
0.466466,2.562
0.466737,2.562
0.46701,2.566
0.46728,2.566
0.467552,2.566
0.467824,2.57
0.468095,2.57
0.468366,2.57
0.468639,2.574
0.468909,2.574
0.469181,2.574
0.469453,2.578
0.469724,2.578
0.469995,2.578
0.470268,2.582
0.470539,2.582
0.47081,2.582
0.471083,2.586
0.471354,2.586
0.471625,2.586
0.471898,2.59
0.472169,2.59
0.47244,2.59
0.472713,2.594
0.472984,2.594
0.473255,2.594
0.473528,2.598
0.473799,2.598
0.47407,2.598
0.474343,2.602
0.474614,2.602
0.474885,2.602
0.475158,2.606
0.475429,2.606
0.475701,2.606
0.475974,2.61
0.476245,2.61
0.476516,2.61
0.476789,2.614
0.47706,2.614
0.477332,2.614
0.477605,2.618
0.477876,2.618
0.478147,2.618
0.47842,2.622
0.478692,2.622
0.478963,2.622
0.479236,2.626
0.479507,2.626
0.479779,2.626
0.480052,2.63
0.480323,2.63
0.480595,2.63
0.480868,2.634
0.481139,2.634
0.481411,2.634
0.481684,2.638
0.481955,2.638
0.482227,2.638
0.4825,2.642
0.482772,2.642
0.483043,2.642
0.483316,2.646
0.483588,2.646
0.48386,2.646
0.484133,2.65
0.484404,2.65
0.484676,2.65
0.484949,2.654
0.485221,2.654
0.485493,2.654
0.485766,2.658
0.486037,2.658
0.486309,2.658
0.486582,2.662
0.486854,2.662
0.487126,2.662
0.487399,2.666
0.487671,2.666
0.487943,2.666
0.488216,2.67
0.488487,2.67
0.488759,2.67
0.489033,2.674
0.489304,2.674
0.489576,2.674
0.48985,2.678
0.490121,2.678
0.490393,2.678
0.490667,2.682
0.490938,2.682
0.49121,2.682
0.491484,2.686
0.491755,2.686
0.492028,2.686
0.492301,2.69
0.492573,2.69
0.492845,2.69
0.493118,2.694
0.49339,2.694
0.493662,2.694
0.493936,2.698
0.494207,2.698
0.49448,2.698
0.494753,2.702
0.495025,2.702
0.495297,2.702
0.495571,2.706
0.495842,2.706
0.496115,2.706
0.496388,2.71
0.49666,2.71
0.496932,2.71
0.497206,2.714
0.497478,2.714
0.49775,2.714
0.498024,2.718
0.498296,2.718
0.498568,2.718
0.498842,2.722
0.499114,2.722
0.499386,2.722
0.49966,2.726
0.499932,2.726
0.500204,2.726
0.500478,2.73
0.50075,2.73
0.501022,2.73
0.501296,2.734
0.501568,2.734
0.50184,2.734
0.502114,2.738
0.502386,2.738
0.502659,2.738
0.502932,2.742
0.503204,2.742
0.503477,2.742
0.503751,2.746
0.504023,2.746
0.504295,2.746
0.504569,2.75
0.504841,2.75
0.505114,2.75
0.505388,2.754
0.50566,2.754
0.505932,2.754
0.506206,2.758
0.506478,2.758
0.506751,2.758
0.507025,2.762
0.507297,2.762
0.50757,2.762
0.507844,2.766
0.508116,2.766
0.508389,2.766
0.508662,2.77
0.508935,2.77
0.509207,2.77
0.509481,2.774
0.509754,2.774
0.510026,2.774
0.5103,2.778
0.510572,2.778
0.510845,2.778
0.511119,2.782
0.511392,2.782
0.511664,2.782
0.511938,2.786
0.512211,2.786
0.512483,2.786
0.512757,2.79
0.51303,2.79
0.513303,2.79
0.513577,2.794
0.513849,2.794
0.514122,2.794
0.514396,2.798
0.514668,2.798
0.514941,2.798
0.515215,2.802
0.515488,2.802
0.515761,2.802
0.516035,2.806
0.516307,2.806
0.51658,2.806
0.516854,2.81
0.517127,2.81
0.5174,2.81
0.517674,2.814
0.517946,2.814
0.518219,2.814
0.518493,2.818
0.518766,2.818
0.519039,2.818
0.519313,2.822
0.519586,2.822
0.519859,2.822
0.520133,2.826
0.520405,2.826
0.520679,2.826
0.520953,2.83
0.521225,2.83
0.521498,2.83
0.521773,2.834
0.522045,2.834
0.522318,2.834
0.522593,2.838
0.522865,2.838
0.523138,2.838
0.523413,2.842
0.523685,2.842
0.523958,2.842
0.524233,2.846
0.524505,2.846
0.524779,2.846
0.525053,2.85
0.525326,2.85
0.525599,2.85
0.525873,2.854
0.526146,2.854
0.526419,2.854
0.526694,2.858
0.526966,2.858
0.52724,2.858
0.527514,2.862
0.527787,2.862
0.52806,2.862
0.528334,2.866
0.528607,2.866
0.52888,2.866
0.529155,2.87
0.529428,2.87
0.529701,2.87
0.529976,2.874
0.530248,2.874
0.530522,2.874
0.530796,2.878
0.531069,2.878
0.531342,2.878
0.531617,2.882
0.53189,2.882
0.532163,2.882
0.532438,2.886
0.532711,2.886
0.532984,2.886
0.533259,2.89
0.533531,2.89
0.533805,2.89
0.534079,2.894
0.534352,2.894
0.534626,2.894
0.534901,2.898
0.535173,2.898
0.535447,2.898
0.535722,2.902
0.535994,2.902
0.536268,2.902
0.536543,2.906
0.536816,2.906
0.537089,2.906
0.537364,2.91
0.537637,2.91
0.537911,2.91
0.538185,2.914
0.538458,2.914
0.538732,2.914
0.539007,2.918
0.53928,2.918
0.539553,2.918
0.539828,2.922
0.540101,2.922
0.540375,2.922
0.540649,2.926
0.540922,2.926
0.541196,2.926
0.541471,2.93
0.541744,2.93
0.542018,2.93
0.542293,2.934
0.542566,2.934
0.542839,2.934
0.543114,2.938
0.543387,2.938
0.543661,2.938
0.543936,2.942
0.544209,2.942
0.544483,2.942
0.544758,2.946
0.545031,2.946
0.545305,2.946
0.54558,2.95
0.545853,2.95
0.546127,2.95
0.546402,2.954
0.546675,2.954
0.546949,2.954
0.547224,2.958
0.547497,2.958
0.547771,2.958
0.548046,2.962
0.548319,2.962
0.548593,2.962
0.548868,2.966
0.549141,2.966
0.549415,2.966
0.54969,2.97
0.549963,2.97
0.550237,2.97
0.550512,2.974
0.550786,2.974
0.55106,2.974
0.551335,2.978
0.551608,2.978
0.551882,2.978
0.552157,2.982
0.55243,2.982
0.552704,2.982
0.552979,2.986
0.553253,2.986
0.553527,2.986
0.553802,2.99
0.554075,2.99
0.55435,2.99
0.554625,2.994
0.554898,2.994
0.555172,2.994
0.555447,2.998
0.555721,2.998
0.555995,2.998
0.55627,3.002
0.556543,3.002
0.556818,3.002
0.557093,3.006
0.557366,3.006
0.55764,3.006
0.557916,3.01
0.558189,3.01
0.558463,3.01
0.558738,3.014
0.559012,3.014
0.559286,3.014
0.559561,3.018
0.559835,3.018
0.560109,3.018
0.560384,3.022
0.560658,3.022
0.560932,3.022
0.561208,3.026
0.561481,3.026
0.561756,3.026
0.562031,3.03
0.562304,3.03
0.562579,3.03
0.562854,3.034
0.563128,3.034
0.563402,3.034
0.563677,3.038
0.563951,3.038
0.564225,3.038
0.564501,3.042
0.564774,3.042
0.565049,3.042
0.565324,3.046
0.565598,3.046
0.565872,3.046
0.566147,3.05
0.566421,3.05
0.566696,3.05
0.566971,3.054
0.567245,3.054
0.567519,3.054
0.567795,3.058
0.568068,3.058
0.568343,3.058
0.568618,3.062
0.568892,3.062
0.569167,3.062
0.569442,3.066
0.569716,3.066
0.56999,3.066
0.570266,3.07
0.570539,3.07
0.570814,3.07
0.571089,3.074
0.571363,3.074
0.571638,3.074
0.571913,3.078
0.572187,3.078
0.572462,3.078
0.572737,3.082
0.573011,3.082
0.573286,3.082
0.573561,3.086
0.573835,3.086
0.57411,3.086
0.574385,3.09
0.574659,3.09
0.574934,3.09
0.57521,3.094
0.575483,3.094
0.575758,3.094
0.576034,3.098
0.576308,3.098
0.576582,3.098
0.576858,3.102
0.577132,3.102
0.577407,3.102
0.577682,3.106
0.577956,3.106
0.578231,3.106
0.578507,3.11
0.578781,3.11
0.579055,3.11
0.579331,3.114
0.579605,3.114
0.57988,3.114
0.580156,3.118
0.58043,3.118
0.580704,3.118
0.58098,3.122
0.581254,3.122
0.581529,3.122
0.581805,3.126
0.582079,3.126
0.582354,3.126
0.582629,3.13
0.582903,3.13
0.583178,3.13
0.583454,3.134
0.583728,3.134
0.584003,3.134
0.584279,3.138
0.584553,3.138
0.584828,3.138
0.585104,3.142
0.585378,3.142
0.585653,3.142
0.585929,3.146
0.586203,3.146
0.586478,3.146
0.586754,3.15
0.587028,3.15
0.587303,3.15
0.587579,3.154
0.587853,3.154
0.588128,3.154
0.588404,3.158
0.588678,3.158
0.588953,3.158
0.589229,3.162
0.589503,3.162
0.589778,3.162
0.590054,3.166
0.590328,3.166
0.590603,3.166
0.590879,3.17
0.591153,3.17
0.591429,3.17
0.591704,3.174
0.591979,3.174
0.592254,3.174
0.59253,3.178
0.592804,3.178
0.593079,3.178
0.593355,3.182
0.593629,3.182
0.593905,3.182
0.594181,3.186
0.594455,3.186
0.59473,3.186
0.595006,3.19
0.59528,3.19
0.595556,3.19
0.595832,3.194
0.596106,3.194
0.596381,3.194
0.596657,3.198
0.596932,3.198
0.597207,3.198
0.597483,3.202
0.597757,3.202
0.598033,3.202
0.598309,3.206
0.598583,3.206
0.598859,3.206
0.599135,3.21
0.599409,3.21
0.599684,3.21
0.59996,3.214
0.600235,3.214
0.60051,3.214
0.600786,3.218
0.601061,3.218
0.601336,3.218
0.601612,3.222
0.601887,3.222
0.602162,3.222
0.602438,3.226
0.602713,3.226
0.602988,3.226
0.603264,3.23
0.603539,3.23
0.603814,3.23
0.60409,3.234
0.604365,3.234
0.604641,3.234
0.604917,3.238
0.605191,3.238
0.605467,3.238
0.605743,3.242
0.606017,3.242
0.606293,3.242
0.606569,3.246
0.606844,3.246
0.607119,3.246
0.607395,3.25
0.60767,3.25
0.607946,3.25
0.608222,3.254
0.608496,3.254
0.608772,3.254
0.609048,3.258
0.609323,3.258
0.609599,3.258
0.609875,3.262
0.610149,3.262
0.610425,3.262
0.610701,3.266
0.610976,3.266
0.611252,3.266
0.611528,3.27
0.611803,3.27
0.612078,3.27
0.612355,3.274
0.612629,3.274
0.612905,3.274
0.613181,3.278
0.613456,3.278
0.613732,3.278
0.614008,3.282
0.614283,3.282
0.614559,3.282
0.614835,3.286
0.61511,3.286
0.615385,3.286
0.615662,3.29
0.615936,3.29
0.616212,3.29
0.616489,3.294
0.616763,3.294
0.617039,3.294
0.617316,3.298
0.61759,3.298
0.617866,3.298
0.618143,3.302
0.618417,3.302
0.618693,3.302
0.61897,3.306
0.619244,3.306
0.61952,3.306
0.619797,3.31
0.620072,3.31
0.620348,3.31
0.620624,3.314
0.620899,3.314
0.621175,3.314
0.621451,3.318
0.621726,3.318
0.622002,3.318
0.622278,3.322
0.622553,3.322
0.622829,3.322
0.623106,3.326
0.623381,3.326
0.623657,3.326
0.623933,3.33
0.624208,3.33
0.624484,3.33
0.62476,3.334
0.625035,3.334
0.625311,3.334
0.625588,3.338
0.625863,3.338
0.626139,3.338
0.626415,3.342
0.62669,3.342
0.626967,3.342
0.627243,3.346
0.627518,3.346
0.627794,3.346
0.628071,3.35
0.628346,3.35
0.628622,3.35
0.628898,3.354
0.629173,3.354
0.629449,3.354
0.629726,3.358
0.630001,3.358
0.630277,3.358
0.630554,3.362
0.630829,3.362
0.631105,3.362
0.631382,3.366
0.631657,3.366
0.631933,3.366
0.632209,3.37
0.632485,3.37
0.632761,3.37
0.633037,3.374
0.633312,3.374
0.633589,3.374
0.633865,3.378
0.63414,3.378
0.634417,3.378
0.634693,3.382
0.634968,3.382
0.635245,3.382
0.635521,3.386
0.635797,3.386
0.636073,3.386
0.63635,3.39
0.636625,3.39
0.636901,3.39
0.637178,3.394
0.637453,3.394
0.637729,3.394
0.638006,3.398
0.638281,3.398
0.638557,3.398
0.638834,3.402
0.639109,3.402
0.639386,3.402
0.639662,3.406
0.639938,3.406
0.640214,3.406
0.640491,3.41
0.640766,3.41
0.641042,3.41
0.641319,3.414
0.641594,3.414
0.641871,3.414
0.642148,3.418
0.642423,3.418
0.642699,3.418
0.642976,3.422
0.643251,3.422
0.643528,3.422
0.643805,3.426
0.64408,3.426
0.644356,3.426
0.644633,3.43
0.644908,3.43
0.645185,3.43
0.645462,3.434
0.645737,3.434
0.646014,3.434
0.64629,3.438
0.646566,3.438
0.646842,3.438
0.647119,3.442
0.647395,3.442
0.647671,3.442
0.647948,3.446
0.648223,3.446
0.6485,3.446
0.648777,3.45
0.649052,3.45
0.649329,3.45
0.649606,3.454
0.649881,3.454
0.650158,3.454
0.650435,3.458
0.65071,3.458
0.650987,3.458
0.651264,3.462
0.651539,3.462
0.651816,3.462
0.652093,3.466
0.652368,3.466
0.652645,3.466
0.652922,3.47
0.653197,3.47
0.653474,3.47
0.653751,3.474
0.654026,3.474
0.654303,3.474
0.65458,3.478
0.654855,3.478
0.655132,3.478
0.655409,3.482
0.655684,3.482
0.655961,3.482
0.656238,3.486
0.656514,3.486
0.65679,3.486
0.657067,3.49
0.657343,3.49
0.65762,3.49
0.657897,3.494
0.658172,3.494
0.658449,3.494
0.658726,3.498
0.659002,3.498
0.659279,3.498
0.659556,3.502
0.659831,3.502
0.660108,3.502
0.660385,3.506
0.660661,3.506
0.660937,3.506
0.661215,3.51
0.66149,3.51
0.661767,3.51
0.662044,3.514
0.66232,3.514
0.662597,3.514
0.662874,3.518
0.663149,3.518
0.663426,3.518
0.663703,3.522
0.663979,3.522
0.664256,3.522
0.664533,3.526
0.664809,3.526
0.665086,3.526
0.665363,3.53
0.665638,3.53
0.665915,3.53
0.666192,3.534
0.666468,3.534
0.666745,3.534
0.667022,3.538
0.667298,3.538
0.667575,3.538
0.667852,3.542
0.668128,3.542
0.668405,3.542
0.668682,3.546
0.668958,3.546
0.669235,3.546
0.669512,3.55
0.669788,3.55
0.670065,3.55
0.670342,3.554
0.670618,3.554
0.670895,3.554
0.671172,3.558
0.671448,3.558
0.671725,3.558
0.672002,3.562
0.672278,3.562
0.672555,3.562
0.672832,3.566
0.673108,3.566
0.673385,3.566
0.673662,3.57
0.673938,3.57
0.674215,3.57
0.674492,3.574
0.674768,3.574
0.675045,3.574
0.675323,3.578
0.675598,3.578
0.675876,3.578
0.676153,3.582
0.676429,3.582
0.676706,3.582
0.676983,3.586
0.677259,3.586
0.677536,3.586
0.677814,3.59
0.678089,3.59
0.678367,3.59
0.678644,3.594
0.67892,3.594
0.679197,3.594
0.679474,3.598
0.67975,3.598
0.680028,3.598
0.680305,3.602
0.680581,3.602
0.680858,3.602
0.681136,3.606
0.681411,3.606
0.681689,3.606
0.681966,3.61
0.682242,3.61
0.682519,3.61
0.682797,3.614
0.683073,3.614
0.68335,3.614
0.683627,3.618
0.683903,3.618
0.684181,3.618
0.684458,3.622
0.684734,3.622
0.685011,3.622
0.685289,3.626
0.685565,3.626
0.685842,3.626
0.68612,3.63
0.686396,3.63
0.686673,3.63
0.68695,3.634
0.687226,3.634
0.687504,3.634
0.687781,3.638
0.688057,3.638
0.688335,3.638
0.688612,3.642
0.688888,3.642
0.689166,3.642
0.689443,3.646
0.689719,3.646
0.689997,3.646
0.690274,3.65
0.69055,3.65
0.690828,3.65
0.691105,3.654
0.691381,3.654
0.691659,3.654
0.691936,3.658
0.692212,3.658
0.69249,3.658
0.692767,3.662
0.693043,3.662
0.693321,3.662
0.693598,3.666
0.693875,3.666
0.694152,3.666
0.69443,3.67
0.694706,3.67
0.694983,3.67
0.695261,3.674
0.695537,3.674
0.695815,3.674
0.696092,3.678
0.696368,3.678
0.696646,3.678
0.696923,3.682
0.6972,3.682
0.697477,3.682
0.697755,3.686
0.698031,3.686
0.698309,3.686
0.698586,3.69
0.698862,3.69
0.69914,3.69
0.699418,3.694
0.699694,3.694
0.699971,3.694
0.700249,3.698
0.700525,3.698
0.700803,3.698
0.701081,3.702
0.701357,3.702
0.701634,3.702
0.701912,3.706
0.702188,3.706
0.702466,3.706
0.702744,3.71
0.70302,3.71
0.703298,3.71
0.703575,3.714
0.703852,3.714
0.704129,3.714
0.704407,3.718
0.704683,3.718
0.704961,3.718
0.705239,3.722
0.705515,3.722
0.705793,3.722
0.706071,3.726
0.706347,3.726
0.706625,3.726
0.706902,3.73
0.707179,3.73
0.707456,3.73
0.707734,3.734
0.708011,3.734
0.708288,3.734
0.708566,3.738
0.708842,3.738
0.70912,3.738
0.709398,3.742
0.709674,3.742
0.709952,3.742
0.71023,3.746
0.710506,3.746
0.710784,3.746
0.711062,3.75
0.711338,3.75
0.711616,3.75
0.711894,3.754
0.71217,3.754
0.712448,3.754
0.712726,3.758
0.713003,3.758
0.71328,3.758
0.713558,3.762
0.713835,3.762
0.714113,3.762
0.71439,3.766
0.714667,3.766
0.714945,3.766
0.715223,3.77
0.715499,3.77
0.715777,3.77
0.716055,3.774
0.716331,3.774
0.716609,3.774
0.716887,3.778
0.717164,3.778
0.717442,3.778
0.717719,3.782
0.717996,3.782
0.718274,3.782
0.718552,3.786
0.718828,3.786
0.719106,3.786
0.719384,3.79
0.719661,3.79
0.719939,3.79
0.720217,3.794
0.720493,3.794
0.720771,3.794
0.721049,3.798
0.721326,3.798
0.721604,3.798
0.721882,3.802
0.722158,3.802
0.722436,3.802
0.722714,3.806
0.722991,3.806
0.723269,3.806
0.723547,3.81
0.723824,3.81
0.724102,3.81
0.72438,3.814
0.724656,3.814
0.724934,3.814
0.725212,3.818
0.725489,3.818
0.725767,3.818
0.726045,3.822
0.726322,3.822
0.7266,3.822
0.726878,3.826
0.727154,3.826
0.727433,3.826
0.727711,3.83
0.727987,3.83
0.728265,3.83
0.728543,3.834
0.72882,3.834
0.729098,3.834
0.729376,3.838
0.729653,3.838
0.729931,3.838
0.730209,3.842
0.730486,3.842
0.730764,3.842
0.731042,3.846
0.731319,3.846
0.731597,3.846
0.731875,3.85
0.732152,3.85
0.73243,3.85
0.732708,3.854
0.732985,3.854
0.733263,3.854
0.733541,3.858
0.733818,3.858
0.734096,3.858
0.734375,3.862
0.734651,3.862
0.73493,3.862
0.735208,3.866
0.735485,3.866
0.735763,3.866
0.736041,3.87
0.736318,3.87
0.736596,3.87
0.736874,3.874
0.737151,3.874
0.737429,3.874
0.737708,3.878
0.737984,3.878
0.738263,3.878
0.738541,3.882
0.738818,3.882
0.739096,3.882
0.739374,3.886
0.739651,3.886
0.739929,3.886
0.740208,3.89
0.740484,3.89
0.740763,3.89
0.741041,3.894
0.741318,3.894
0.741596,3.894
0.741875,3.898
0.742151,3.898
0.74243,3.898
0.742708,3.902
0.742985,3.902
0.743263,3.902
0.743542,3.906
0.743819,3.906
0.744097,3.906
0.744375,3.91
0.744652,3.91
0.744931,3.91
0.745209,3.914
0.745486,3.914
0.745764,3.914
0.746043,3.918
0.74632,3.918
0.746598,3.918
0.746876,3.922
0.747153,3.922
0.747432,3.922
0.74771,3.926
0.747987,3.926
0.748266,3.926
0.748544,3.93
0.748821,3.93
0.749099,3.93
0.749378,3.934
0.749655,3.934
0.749933,3.934
0.750212,3.938
0.750489,3.938
0.750767,3.938
0.751046,3.942
0.751323,3.942
0.751601,3.942
0.751879,3.946
0.752157,3.946
0.752435,3.946
0.752713,3.95
0.752991,3.95
0.753269,3.95
0.753548,3.954
0.753825,3.954
0.754103,3.954
0.754382,3.958
0.754659,3.958
0.754937,3.958
0.755216,3.962
0.755493,3.962
0.755771,3.962
0.75605,3.966
0.756327,3.966
0.756606,3.966
0.756884,3.97
0.757161,3.97
0.75744,3.97
0.757718,3.974
0.757995,3.974
0.758274,3.974
0.758553,3.978
0.75883,3.978
0.759108,3.978
0.759387,3.982
0.759664,3.982
0.759943,3.982
0.760221,3.986
0.760498,3.986
0.760777,3.986
0.761056,3.99
0.761333,3.99
0.761611,3.99
0.76189,3.994
0.762167,3.994
0.762446,3.994
0.762724,3.998
0.763002,3.998
0.76328,3.998
0.763559,4.002
0.763836,4.002
0.764115,4.002
0.764393,4.006
0.764671,4.006
0.76495,4.006
0.765228,4.01
0.765505,4.01
0.765784,4.01
0.766063,4.014
0.76634,4.014
0.766619,4.014
0.766897,4.018
0.767175,4.018
0.767454,4.018
0.767732,4.022
0.768009,4.022
0.768288,4.022
0.768567,4.026
0.768844,4.026
0.769123,4.026
0.769402,4.03
0.769679,4.03
0.769958,4.03
0.770237,4.034
0.770514,4.034
0.770793,4.034
0.771071,4.038
0.771349,4.038
0.771628,4.038
0.771906,4.042
0.772184,4.042
0.772463,4.042
0.772741,4.046
0.773019,4.046
0.773298,4.046
0.773576,4.05
0.773854,4.05
0.774133,4.05
0.774412,4.054
0.774689,4.054
0.774968,4.054
0.775247,4.058
0.775524,4.058
0.775803,4.058
0.776082,4.062
0.776359,4.062
0.776638,4.062
0.776917,4.066
0.777195,4.066
0.777474,4.066
0.777752,4.07
0.77803,4.07
0.778309,4.07
0.778588,4.074
0.778865,4.074
0.779144,4.074
0.779423,4.078
0.7797,4.078
0.77998,4.078
0.780258,4.082
0.780536,4.082
0.780815,4.082
0.781094,4.086
0.781371,4.086
0.781651,4.086
0.781929,4.09
0.782207,4.09
0.782486,4.09
0.782765,4.094
0.783042,4.094
0.783322,4.094
0.7836,4.098
0.783878,4.098
0.784157,4.098
0.784436,4.102
0.784713,4.102
0.784993,4.102
0.785271,4.106
0.785549,4.106
0.785828,4.106
0.786107,4.11
0.786385,4.11
0.786664,4.11
0.786943,4.114
0.78722,4.114
0.7875,4.114
0.787779,4.118
0.788056,4.118
0.788336,4.118
0.788614,4.122
0.788892,4.122
0.789171,4.122
0.78945,4.126
0.789728,4.126
0.790007,4.126
0.790286,4.13
0.790564,4.13
0.790843,4.13
0.791122,4.134
0.7914,4.134
0.791679,4.134
0.791958,4.138
0.792236,4.138
0.792515,4.138
0.792794,4.142
0.793072,4.142
0.793351,4.142
0.79363,4.146
0.793908,4.146
0.794187,4.146
0.794466,4.15
0.794744,4.15
0.795023,4.15
0.795302,4.154
0.79558,4.154
0.79586,4.154
0.796138,4.158
0.796416,4.158
0.796696,4.158
0.796975,4.162
0.797252,4.162
0.797532,4.162
0.797811,4.166
0.798089,4.166
0.798368,4.166
0.798647,4.17
0.798925,4.17
0.799205,4.17
0.799483,4.174
0.799761,4.174
0.800041,4.174
0.80032,4.178
0.800598,4.178
0.800877,4.178
0.801156,4.182
0.801434,4.182
0.801714,4.182
0.801993,4.186
0.80227,4.186
0.80255,4.186
0.802829,4.19
0.803107,4.19
0.803387,4.19
0.803666,4.194
0.803943,4.194
0.804223,4.194
0.804502,4.198
0.80478,4.198
0.80506,4.198
0.805339,4.202
0.805617,4.202
0.805897,4.202
0.806175,4.206
0.806453,4.206
0.806733,4.206
0.807012,4.21
0.80729,4.21
0.80757,4.21
0.807849,4.214
0.808127,4.214
0.808407,4.214
0.808686,4.218
0.808964,4.218
0.809244,4.218
0.809522,4.222
0.8098,4.222
0.81008,4.222
0.810359,4.226
0.810637,4.226
0.810917,4.226
0.811196,4.23
0.811474,4.23
0.811754,4.23
0.812033,4.234
0.812311,4.234
0.812591,4.234
0.81287,4.238
0.813148,4.238
0.813428,4.238
0.813707,4.242
0.813985,4.242
0.814265,4.242
0.814544,4.246
0.814822,4.246
0.815102,4.246
0.815381,4.25
0.815659,4.25
0.815939,4.25
0.816218,4.254
0.816497,4.254
0.816777,4.254
0.817056,4.258
0.817334,4.258
0.817614,4.258
0.817893,4.262
0.818171,4.262
0.818451,4.262
0.81873,4.266
0.819008,4.266
0.819289,4.266
0.819567,4.27
0.819846,4.27
0.820126,4.27
0.820405,4.274
0.820683,4.274
0.820963,4.274
0.821242,4.278
0.821521,4.278
0.821801,4.278
0.82208,4.282
0.822358,4.282
0.822638,4.282
0.822917,4.286
0.823196,4.286
0.823476,4.286
0.823755,4.29
0.824033,4.29
0.824313,4.29
0.824592,4.294
0.824871,4.294
0.825151,4.294
0.82543,4.298
0.825708,4.298
0.825989,4.298
0.826268,4.302
0.826546,4.302
0.826826,4.302
0.827105,4.306
0.827384,4.306
0.827664,4.306
0.827943,4.31
0.828222,4.31
0.828502,4.31
0.828781,4.314
0.829059,4.314
0.82934,4.314
0.829619,4.318
0.829897,4.318
0.830178,4.318
0.830457,4.322
0.830735,4.322
0.831016,4.326
0.831295,4.326
0.831573,4.326
0.831854,4.33
0.832133,4.33
0.832411,4.33
0.832692,4.334
0.832971,4.334
0.833249,4.334
0.83353,4.338
0.833809,4.338
0.834087,4.338
0.834368,4.342
0.834647,4.342
0.834926,4.342
0.835206,4.346
0.835485,4.346
0.835764,4.346
0.836044,4.35
0.836324,4.35
0.836602,4.35
0.836883,4.354
0.837162,4.354
0.83744,4.354
0.837721,4.358
0.838,4.358
0.838279,4.358
0.838559,4.362
0.838839,4.362
0.839117,4.362
0.839398,4.366
0.839677,4.366
0.839956,4.366
0.840236,4.37
0.840516,4.37
0.840794,4.37
0.841075,4.374
0.841354,4.374
0.841633,4.374
0.841914,4.378
0.842193,4.378
0.842471,4.378
0.842752,4.382
0.843031,4.382
0.84331,4.382
0.843591,4.386
0.84387,4.386
0.844149,4.386
0.84443,4.39
0.844709,4.39
0.844988,4.39
0.845268,4.394
0.845548,4.394
0.845826,4.394
0.846107,4.398
0.846386,4.398
0.846665,4.398
0.846946,4.402
0.847225,4.402
0.847504,4.402
0.847785,4.406
0.848064,4.406
0.848343,4.406
0.848624,4.41
0.848903,4.41
0.849182,4.41
0.849463,4.414
0.849742,4.414
0.850021,4.414
0.850302,4.418
0.850581,4.418
0.85086,4.418
0.851141,4.422
0.851421,4.422
0.8517,4.422
0.851981,4.426
0.85226,4.426
0.852539,4.426
0.85282,4.43
0.853099,4.43
0.853378,4.43
0.853659,4.434
0.853938,4.434
0.854217,4.434
0.854499,4.438
0.854778,4.438
0.855057,4.438
0.855338,4.442
0.855617,4.442
0.855896,4.442
0.856178,4.446
0.856457,4.446
0.856736,4.446
0.857017,4.45
0.857296,4.45
0.857575,4.45
0.857857,4.454
0.858136,4.454
0.858415,4.454
0.858696,4.458
0.858976,4.458
0.859255,4.458
0.859536,4.462
0.859815,4.462
0.860095,4.462
0.860376,4.466
0.860655,4.466
0.860934,4.466
0.861216,4.47
0.861495,4.47
0.861774,4.47
0.862056,4.474
0.862335,4.474
0.862614,4.474
0.862895,4.478
0.863175,4.478
0.863454,4.478
0.863735,4.482
0.864015,4.482
0.864294,4.482
0.864575,4.486
0.864855,4.486
0.865134,4.486
0.865415,4.49
0.865695,4.49
0.865974,4.49
0.866256,4.494
0.866535,4.494
0.866814,4.494
0.867096,4.498
0.867375,4.498
0.867654,4.498
0.867936,4.502
0.868215,4.502
0.868495,4.502
0.868776,4.506
0.869056,4.506
0.869335,4.506
0.869616,4.51
0.869896,4.51
0.870175,4.51
0.870457,4.514
0.870736,4.514
0.871016,4.514
0.871297,4.518
0.871577,4.518
0.871856,4.518
0.872138,4.522
0.872417,4.522
0.872696,4.522
0.872978,4.526
0.873257,4.526
0.873537,4.526
0.873819,4.53
0.874098,4.53
0.874377,4.53
0.874659,4.534
0.874939,4.534
0.875218,4.534
0.8755,4.538
0.875779,4.538
0.876059,4.538
0.87634,4.542
0.87662,4.542
0.876899,4.542
0.877181,4.546
0.87746,4.546
0.87774,4.546
0.878022,4.55
0.878301,4.55
0.878581,4.55
0.878862,4.554
0.879142,4.554
0.879421,4.554
0.879703,4.558
0.879983,4.558
0.880262,4.558
0.880544,4.562
0.880823,4.562
0.881103,4.562
0.881385,4.566
0.881664,4.566
0.881944,4.566
0.882226,4.57
0.882505,4.57
0.882785,4.57
0.883067,4.574
0.883346,4.574
0.883625,4.574
0.883907,4.578
0.884187,4.578
0.884466,4.578
0.884748,4.582
0.885027,4.582
0.885307,4.582
0.885589,4.586
0.885868,4.586
0.886148,4.586
0.88643,4.59
0.886709,4.59
0.886988,4.59
0.88727,4.594
0.887549,4.594
0.887829,4.594
0.888111,4.598
0.88839,4.598
0.88867,4.598
0.888951,4.602
0.889231,4.602
0.88951,4.602
0.889792,4.606
0.890071,4.606
0.890351,4.606
0.890632,4.61
0.890911,4.61
0.891191,4.61
0.891473,4.614
0.891752,4.614
0.892031,4.614
0.892313,4.618
0.892592,4.618
0.892872,4.618
0.893153,4.622
0.893433,4.622
0.893712,4.622
0.893994,4.626
0.894273,4.626
0.894552,4.626
0.894834,4.63
0.895113,4.63
0.895393,4.63
0.895674,4.634
0.895953,4.634
0.896233,4.634
0.896514,4.638
0.896793,4.638
0.897073,4.638
0.897355,4.642
0.897634,4.642
0.897913,4.642
0.898195,4.646
0.898474,4.646
0.898753,4.646
0.899035,4.65
0.899314,4.65
0.899593,4.65
0.899875,4.654
0.900154,4.654
0.900433,4.654
0.900715,4.658
0.900994,4.658
0.901273,4.658
0.901555,4.662
0.901834,4.662
0.902113,4.662
0.902395,4.666
0.902674,4.666
0.902953,4.666
0.903235,4.67
0.903514,4.67
0.903793,4.67
0.904075,4.674
0.904354,4.674
0.904633,4.674
0.904915,4.678
0.905194,4.678
0.905473,4.678
0.905755,4.682
0.906034,4.682
0.906313,4.682
0.906594,4.686
0.906873,4.686
0.907153,4.686
0.907434,4.69
0.907713,4.69
0.907993,4.69
0.908274,4.694
0.908553,4.694
0.908833,4.694
0.909114,4.698
0.909393,4.698
0.909673,4.698
0.909954,4.702
0.910233,4.702
0.910512,4.702
0.910794,4.706
0.911073,4.706
0.911352,4.706
0.911633,4.71
0.911912,4.71
0.912192,4.71
0.912473,4.714
0.912752,4.714
0.913032,4.714
0.913313,4.718
0.913592,4.718
0.913872,4.718
0.914153,4.722
0.914432,4.722
0.914711,4.722
0.914993,4.726
0.915272,4.726
0.915551,4.726
0.915832,4.73
0.916111,4.73
0.916391,4.73
0.916672,4.734
0.916951,4.734
0.917231,4.734
0.917512,4.738
0.917791,4.738
0.91807,4.738
0.918352,4.742
0.918631,4.742
0.91891,4.742
0.919192,4.746
0.919471,4.746
0.91975,4.746
0.920031,4.75
0.92031,4.75
0.92059,4.75
0.920871,4.754
0.92115,4.754
0.92143,4.754
0.921711,4.758
0.92199,4.758
0.922269,4.758
0.922551,4.762
0.92283,4.762
0.923109,4.762
0.92339,4.766
0.923669,4.766
0.923949,4.766
0.92423,4.77
0.924509,4.77
0.924789,4.77
0.92507,4.774
0.925349,4.774
0.925629,4.774
0.92591,4.778
0.926189,4.778
0.926468,4.778
0.92675,4.782
0.927029,4.782
0.927308,4.782
0.927589,4.786
0.927868,4.786
0.928148,4.786
0.928429,4.79
0.928708,4.79
0.928988,4.79
0.929269,4.794
0.929548,4.794
0.929828,4.794
0.930109,4.798
0.930388,4.798
0.930667,4.798
0.930949,4.802
0.931228,4.802
0.931507,4.802
0.931789,4.806
0.932067,4.806
0.932347,4.806
0.932628,4.81
0.932907,4.81
0.933187,4.81
0.933468,4.814
0.933747,4.814
0.934027,4.814
0.934308,4.818
0.934587,4.818
0.934867,4.818
0.935148,4.822
0.935427,4.822
0.935707,4.822
0.935988,4.826
0.936267,4.826
0.936546,4.826
0.936828,4.83
0.937107,4.83
0.937386,4.83
0.937668,4.834
0.937947,4.834
0.938226,4.834
0.938508,4.838
0.938787,4.838
0.939066,4.838
0.939347,4.842
0.939626,4.842
0.939906,4.842
0.940187,4.846
0.940466,4.846
0.940746,4.846
0.941027,4.85
0.941306,4.85
0.941586,4.85
0.941867,4.854
0.942146,4.854
0.942426,4.854
0.942707,4.858
0.942986,4.858
0.943266,4.858
0.943547,4.862
0.943826,4.862
0.944106,4.862
0.944387,4.866
0.944666,4.866
0.944946,4.866
0.945227,4.87
0.945506,4.87
0.945786,4.87
0.946067,4.874
0.946346,4.874
0.946626,4.874
0.946907,4.878
0.947186,4.878
0.947466,4.878
0.947747,4.882
0.948027,4.882
0.948306,4.882
0.948588,4.886
0.948867,4.886
0.949146,4.886
0.949428,4.89
0.949707,4.89
0.949986,4.89
0.950268,4.894
0.950547,4.894
0.950826,4.894
0.951108,4.898
0.951387,4.898
0.951667,4.898
0.951948,4.902
0.952227,4.902
0.952507,4.902
0.952788,4.906
0.953067,4.906
0.953347,4.906
0.953628,4.91
0.953907,4.91
0.954187,4.91
0.954468,4.914
0.954747,4.914
0.955027,4.914
0.955309,4.918
0.955588,4.918
0.955867,4.918
0.956149,4.922
0.956428,4.922
0.956708,4.922
0.956989,4.926
0.957268,4.926
0.957548,4.926
0.957829,4.93
0.958108,4.93
0.958388,4.93
0.958669,4.934
0.958948,4.934
0.959228,4.934
0.959509,4.938
0.959789,4.938
0.960068,4.938
0.96035,4.942
0.960629,4.942
0.960909,4.942
0.96119,4.946
0.961469,4.946
0.961749,4.946
0.96203,4.95
0.962309,4.95
0.962589,4.95
0.962871,4.954
0.96315,4.954
0.963429,4.954
0.963711,4.958
0.96399,4.958
0.96427,4.958
0.964551,4.962
0.96483,4.962
0.96511,4.962
0.965391,4.966
0.965671,4.966
0.96595,4.966
0.966232,4.97
0.966511,4.97
0.966791,4.97
0.967072,4.974
0.967351,4.974
0.967631,4.974
0.967912,4.978
0.968192,4.978
0.968471,4.978
0.968753,4.982
0.969032,4.982
0.969312,4.982
0.969593,4.986
0.969872,4.986
0.970152,4.986
0.970434,4.99
0.970713,4.99
0.970993,4.99
0.971274,4.994
0.971553,4.994
0.971833,4.994
0.972115,4.998
0.972394,4.998
0.972674,4.998
0.972955,5.002
0.973234,5.002
0.973514,5.002
0.973795,5.006
0.974075,5.006
0.974355,5.006
0.974636,5.01
0.974915,5.01
0.975195,5.01
0.975476,5.014
0.975756,5.014
0.976036,5.014
0.976317,5.018
0.976596,5.018
0.976876,5.018
0.977158,5.022
0.977437,5.022
0.977717,5.022
0.977998,5.026
0.978277,5.026
0.978557,5.026
0.978839,5.03
0.979118,5.03
0.979398,5.03
0.979679,5.034
0.979958,5.034
0.980238,5.034
0.98052,5.038
0.980799,5.038
0.981079,5.038
0.98136,5.042
0.98164,5.042
0.98192,5.042
0.982201,5.046
0.98248,5.046
0.98276,5.046
0.983042,5.05
0.983321,5.05
0.983601,5.05
0.983882,5.054
0.984162,5.054
0.984442,5.054
0.984723,5.058
0.985002,5.058
0.985282,5.058
0.985564,5.062
0.985843,5.062
0.986123,5.062
0.986405,5.066
0.986684,5.066
0.986964,5.066
0.987245,5.07
0.987525,5.07
0.987805,5.07
0.988086,5.074
0.988365,5.074
0.988645,5.074
0.988927,5.078
0.989206,5.078
0.989486,5.078
0.989768,5.082
0.990047,5.082
0.990327,5.082
0.990608,5.086
0.990888,5.086
0.991168,5.086
0.991449,5.09
0.991729,5.09
0.992009,5.09
0.99229,5.094
0.992569,5.094
0.992849,5.094
0.993131,5.098
0.99341,5.098
0.99369,5.098
0.993972,5.102
0.994251,5.102
0.994531,5.102
0.994813,5.106
0.995092,5.106
0.995372,5.106
0.995654,5.11
0.995933,5.11
0.996213,5.11
0.996495,5.114
0.996774,5.114
0.997054,5.114
0.997336,5.118
0.997615,5.118
0.997895,5.118
0.998177,5.122
0.998456,5.122
0.998736,5.122
0.999018,5.126
0.999297,5.126
0.999577,5.126
0.999859,5.13
1.00014,5.13
1.00042,5.13
1.0007,5.134
1.00098,5.134
1.00126,5.134
1.00154,5.138
1.00182,5.138
1.0021,5.138
1.00238,5.142
1.00266,5.142
1.00294,5.142
1.00322,5.146
1.0035,5.146
1.00378,5.146
1.00406,5.15
1.00434,5.15
1.00462,5.15
1.0049,5.154
1.00518,5.154
1.00546,5.154
1.00575,5.158
1.00603,5.158
1.00631,5.158
1.00659,5.162
1.00687,5.162
1.00715,5.162
1.00743,5.166
1.00771,5.166
1.00799,5.166
1.00827,5.17
1.00855,5.17
1.00883,5.17
1.00911,5.174
1.00939,5.174
1.00967,5.174
1.00995,5.178
1.01023,5.178
1.01051,5.178
1.01079,5.182
1.01107,5.182
1.01135,5.182
1.01163,5.186
1.01191,5.186
1.01219,5.186
1.01248,5.19
1.01276,5.19
1.01304,5.19
1.01332,5.194
1.0136,5.194
1.01388,5.194
1.01416,5.198
1.01444,5.198
1.01472,5.198
1.015,5.202
1.01528,5.202
1.01556,5.202
1.01584,5.206
1.01612,5.206
1.0164,5.206
1.01668,5.21
1.01696,5.21
1.01724,5.21
1.01752,5.214
1.0178,5.214
1.01808,5.214
1.01837,5.218
1.01864,5.218
1.01892,5.218
1.01921,5.222
1.01949,5.222
1.01977,5.222
1.02005,5.226
1.02033,5.226
1.02061,5.226
1.02089,5.23
1.02117,5.23
1.02145,5.23
1.02173,5.234
1.02201,5.234
1.02229,5.234
1.02257,5.238
1.02285,5.238
1.02313,5.238
1.02341,5.242
1.02369,5.242
1.02397,5.242
1.02426,5.246
1.02453,5.246
1.02482,5.246
1.0251,5.25
1.02538,5.25
1.02566,5.25
1.02594,5.254
1.02622,5.254
1.0265,5.254
1.02678,5.258
1.02706,5.258
1.02734,5.258
1.02762,5.262
1.0279,5.262
1.02818,5.262
1.02846,5.266
1.02874,5.266
1.02902,5.266
1.0293,5.27
1.02958,5.27
1.02986,5.27
1.03015,5.274
1.03043,5.274
1.03071,5.274
1.03099,5.278
1.03127,5.278
1.03155,5.278
1.03183,5.282
1.03211,5.282
1.03239,5.282
1.03267,5.286
1.03295,5.286
1.03323,5.286
1.03351,5.29
1.03379,5.29
1.03407,5.29
1.03435,5.294
1.03463,5.294
1.03491,5.294
1.0352,5.298
1.03548,5.298
1.03576,5.298
1.03604,5.302
1.03632,5.302
1.0366,5.302
1.03688,5.306
1.03716,5.306
1.03744,5.306
1.03772,5.31
1.038,5.31
1.03828,5.31
1.03856,5.314
1.03884,5.314
1.03912,5.314
1.03941,5.318
1.03968,5.318
1.03997,5.318
1.04025,5.322
1.04053,5.322
1.04081,5.322
1.04109,5.326
1.04137,5.326
1.04165,5.326
1.04193,5.33
1.04221,5.33
1.04249,5.33
1.04277,5.334
1.04305,5.334
1.04333,5.334
1.04361,5.338
1.04389,5.338
1.04417,5.338
1.04446,5.342
1.04474,5.342
1.04502,5.342
1.0453,5.346
1.04558,5.346
1.04586,5.346
1.04614,5.35
1.04642,5.35
1.0467,5.35
1.04698,5.354
1.04726,5.354
1.04754,5.354
1.04782,5.358
1.0481,5.358
1.04838,5.358
1.04867,5.362
1.04895,5.362
1.04923,5.362
1.04951,5.366
1.04979,5.366
1.05007,5.366
1.05035,5.37
1.05063,5.37
1.05091,5.37
1.05119,5.374
1.05147,5.374
1.05175,5.374
1.05203,5.378
1.05231,5.378
1.05259,5.378
1.05288,5.382
1.05316,5.382
1.05344,5.382
1.05372,5.386
1.054,5.386
1.05428,5.386
1.05456,5.39
1.05484,5.39
1.05512,5.39
1.0554,5.394
1.05568,5.394
1.05596,5.394
1.05624,5.398
1.05652,5.398
1.0568,5.398
1.05709,5.402
1.05737,5.402
1.05765,5.402
1.05793,5.406
1.05821,5.406
1.05849,5.406
1.05877,5.41
1.05905,5.41
1.05933,5.41
1.05961,5.414
1.05989,5.414
1.06017,5.414
1.06046,5.418
1.06073,5.418
1.06102,5.418
1.0613,5.422
1.06158,5.422
1.06186,5.422
1.06214,5.426
1.06242,5.426
1.0627,5.426
1.06298,5.43
1.06326,5.43
1.06354,5.43
1.06382,5.434
1.0641,5.434
1.06438,5.434
1.06467,5.438
1.06495,5.438
1.06523,5.438
1.06551,5.442
1.06579,5.442
1.06607,5.442
1.06635,5.446
1.06663,5.446
1.06691,5.446
1.06719,5.45
1.06747,5.45
1.06775,5.45
1.06804,5.454
1.06832,5.454
1.0686,5.454
1.06888,5.458
1.06916,5.458
1.06944,5.458
1.06972,5.462
1.07,5.462
1.07028,5.462
1.07056,5.466
1.07084,5.466
1.07112,5.466
1.07141,5.47
1.07168,5.47
1.07197,5.47
1.07225,5.474
1.07253,5.474
1.07281,5.474
1.07309,5.478
1.07337,5.478
1.07365,5.478
1.07393,5.482
1.07421,5.482
1.07449,5.482
1.07477,5.486
1.07505,5.486
1.07534,5.486
1.07562,5.49
1.0759,5.49
1.07618,5.49
1.07646,5.494
1.07674,5.494
1.07702,5.494
1.0773,5.498
1.07758,5.498
1.07786,5.498
1.07814,5.502
1.07842,5.502
1.07871,5.502
1.07899,5.506
1.07927,5.506
1.07955,5.506
1.07983,5.51
1.08011,5.51
1.08039,5.51
1.08067,5.514
1.08095,5.514
1.08123,5.514
1.08151,5.518
1.08179,5.518
1.08208,5.518
1.08236,5.522
1.08264,5.522
1.08292,5.522
1.0832,5.526
1.08348,5.526
1.08376,5.526
1.08404,5.53
1.08432,5.53
1.0846,5.53
1.08489,5.534
1.08517,5.534
1.08545,5.534
1.08573,5.538
1.08601,5.538
1.08629,5.538
1.08657,5.542
1.08685,5.542
1.08713,5.542
1.08741,5.546
1.08769,5.546
1.08797,5.546
1.08826,5.55
1.08854,5.55
1.08882,5.55
1.0891,5.554
1.08938,5.554
1.08966,5.554
1.08994,5.558
1.09022,5.558
1.0905,5.558
1.09078,5.562
1.09106,5.562
1.09134,5.562
1.09163,5.566
1.09191,5.566
1.09219,5.566
1.09247,5.57
1.09275,5.57
1.09303,5.57
1.09331,5.574
1.09359,5.574
1.09387,5.574
1.09416,5.578
1.09444,5.578
1.09472,5.578
1.095,5.582
1.09528,5.582
1.09556,5.582
1.09584,5.586
1.09612,5.586
1.0964,5.586
1.09668,5.59
1.09696,5.59
1.09724,5.59
1.09753,5.594
1.09781,5.594
1.09809,5.594
1.09837,5.598
1.09865,5.598
1.09893,5.598
1.09921,5.602
1.09949,5.602
1.09977,5.602
1.10006,5.606
1.10034,5.606
1.10062,5.606
1.1009,5.61
1.10118,5.61
1.10146,5.61
1.10174,5.614
1.10202,5.614
1.1023,5.614
1.10258,5.618
1.10286,5.618
1.10314,5.618
1.10343,5.622
1.10371,5.622
1.10399,5.622
1.10427,5.626
1.10455,5.626
1.10483,5.626
1.10511,5.63
1.10539,5.63
1.10567,5.63
1.10596,5.634
1.10624,5.634
1.10652,5.634
1.1068,5.638
1.10708,5.638
1.10736,5.638
1.10764,5.642
1.10792,5.642
1.1082,5.642
1.10848,5.646
1.10876,5.646
1.10905,5.646
1.10933,5.65
1.10961,5.65
1.10989,5.65
1.11017,5.654
1.11045,5.654
1.11073,5.654
1.11101,5.658
1.11129,5.658
1.11157,5.658
1.11186,5.662
1.11214,5.662
1.11242,5.662
1.1127,5.666
1.11298,5.666
1.11326,5.666
1.11354,5.67
1.11382,5.67
1.1141,5.67
1.11439,5.674
1.11467,5.674
1.11495,5.674
1.11523,5.678
1.11551,5.678
1.11579,5.678
1.11607,5.682
1.11635,5.682
1.11663,5.682
1.11692,5.686
1.1172,5.686
1.11748,5.686
1.11776,5.69
1.11804,5.69
1.11832,5.69
1.1186,5.694
1.11888,5.694
1.11916,5.694
1.11945,5.698
1.11973,5.698
1.12001,5.698
1.12029,5.702
1.12057,5.702
1.12085,5.702
1.12113,5.706
1.12141,5.706
1.12169,5.706
1.12198,5.71
1.12226,5.71
1.12254,5.71
1.12282,5.714
1.1231,5.714
1.12338,5.714
1.12366,5.718
1.12394,5.718
1.12422,5.718
1.12451,5.722
1.12479,5.722
1.12507,5.722
1.12535,5.726
1.12563,5.726
1.12591,5.726
1.12619,5.73
1.12647,5.73
1.12675,5.73
1.12703,5.734
1.12732,5.734
1.1276,5.734
1.12788,5.738
1.12816,5.738
1.12844,5.738
1.12872,5.742
1.129,5.742
1.12928,5.742
1.12957,5.746
1.12985,5.746
1.13013,5.746
1.13041,5.75
1.13069,5.75
1.13097,5.75
1.13125,5.754
1.13153,5.754
1.13181,5.754
1.1321,5.758
1.13238,5.758
1.13266,5.758
1.13294,5.762
1.13322,5.762
1.1335,5.762
1.13378,5.766
1.13406,5.766
1.13434,5.766
1.13463,5.77
1.13491,5.77
1.13519,5.77
1.13547,5.774
1.13575,5.774
1.13603,5.774
1.13631,5.778
1.13659,5.778
1.13687,5.778
1.13716,5.782
1.13744,5.782
1.13772,5.782
1.138,5.786
1.13828,5.786
1.13856,5.786
1.13884,5.79
1.13912,5.79
1.1394,5.79
1.13969,5.794
1.13997,5.794
1.14025,5.794
1.14053,5.798
1.14081,5.798
1.14109,5.798
1.14137,5.802
1.14165,5.802
1.14193,5.802
1.14222,5.806
1.1425,5.806
1.14278,5.806
1.14306,5.81
1.14334,5.81
1.14362,5.81
1.1439,5.814
1.14418,5.814
1.14447,5.814
1.14475,5.818
1.14503,5.818
1.14531,5.818
1.14559,5.822
1.14587,5.822
1.14615,5.822
1.14644,5.826
1.14672,5.826
1.147,5.826
1.14728,5.83
1.14756,5.83
1.14784,5.83
1.14812,5.834
1.1484,5.834
1.14868,5.834
1.14897,5.838
1.14925,5.838
1.14953,5.838
1.14981,5.842
1.15009,5.842
1.15037,5.842
1.15065,5.846
1.15093,5.846
1.15121,5.846
1.1515,5.85
1.15178,5.85
1.15206,5.85
1.15234,5.854
1.15262,5.854
1.1529,5.854
1.15318,5.858
1.15346,5.858
1.15375,5.858
1.15403,5.862
1.15431,5.862
1.15459,5.862
1.15487,5.866
1.15515,5.866
1.15543,5.866
1.15572,5.87
1.156,5.87
1.15628,5.87
1.15656,5.874
1.15684,5.874
1.15712,5.874
1.1574,5.878
1.15768,5.878
1.15796,5.878
1.15825,5.882
1.15853,5.882
1.15881,5.882
1.15909,5.886
1.15937,5.886
1.15965,5.886
1.15994,5.89
1.16022,5.89
1.1605,5.89
1.16078,5.894
1.16106,5.894
1.16134,5.894
1.16162,5.898
1.1619,5.898
1.16218,5.898
1.16247,5.902
1.16275,5.902
1.16303,5.902
1.16331,5.906
1.16359,5.906
1.16387,5.906
1.16415,5.91
1.16443,5.91
1.16472,5.91
1.165,5.914
1.16528,5.914
1.16556,5.914
1.16584,5.918
1.16612,5.918
1.1664,5.918
1.16669,5.922
1.16697,5.922
1.16725,5.922
1.16753,5.926
1.16781,5.926
1.16809,5.926
1.16837,5.93
1.16865,5.93
1.16894,5.93
1.16922,5.934
1.1695,5.934
1.16978,5.934
1.17006,5.938
1.17034,5.938
1.17062,5.938
1.17091,5.942
1.17119,5.942
1.17147,5.942
1.17175,5.946
1.17203,5.946
1.17231,5.946
1.17259,5.95
1.17287,5.95
1.17316,5.95
1.17344,5.954
1.17372,5.954
1.174,5.954
1.17428,5.958
1.17456,5.958
1.17484,5.958
1.17513,5.962
1.17541,5.962
1.17569,5.962
1.17597,5.966
1.17625,5.966
1.17653,5.966
1.17681,5.97
1.17709,5.97
1.17738,5.97
1.17766,5.974
1.17794,5.974
1.17822,5.974
1.1785,5.978
1.17878,5.978
1.17906,5.978
1.17935,5.982
1.17963,5.982
1.17991,5.982
1.18019,5.986
1.18047,5.986
1.18075,5.986
1.18103,5.99
1.18132,5.99
1.1816,5.99
1.18188,5.994
1.18216,5.994
1.18244,5.994
1.18272,5.998
1.183,5.998
1.18328,5.998
1.18357,6.002
1.18385,6.002
1.18413,6.002
1.18441,6.006
1.18469,6.006
1.18497,6.006
1.18526,6.01
1.18554,6.01
1.18582,6.01
1.1861,6.014
1.18638,6.014
1.18666,6.014
1.18694,6.018
1.18722,6.018
1.18751,6.018
1.18779,6.022
1.18807,6.022
1.18835,6.022
1.18863,6.026
1.18891,6.026
1.18919,6.026
1.18948,6.03
1.18976,6.03
1.19004,6.03
1.19032,6.034
1.1906,6.034
1.19088,6.034
1.19117,6.038
1.19145,6.038
1.19173,6.038
1.19201,6.042
1.19229,6.042
1.19257,6.042
1.19285,6.046
1.19313,6.046
1.19342,6.046
1.1937,6.05
1.19398,6.05
1.19426,6.05
1.19454,6.054
1.19482,6.054
1.1951,6.054
1.19539,6.058
1.19567,6.058
1.19595,6.058
1.19623,6.062
1.19651,6.062
1.19679,6.062
1.19708,6.066
1.19736,6.066
1.19764,6.066
1.19792,6.07
1.1982,6.07
1.19848,6.07
1.19876,6.074
1.19904,6.074
1.19933,6.074
1.19961,6.078
1.19989,6.078
1.20017,6.078
1.20045,6.082
1.20073,6.082
1.20102,6.082
1.2013,6.086
1.20158,6.086
1.20186,6.086
1.20214,6.09
1.20242,6.09
1.2027,6.09
1.20299,6.094
1.20327,6.094
1.20355,6.094
1.20383,6.098
1.20411,6.098
1.20439,6.098
1.20468,6.102
1.20496,6.102
1.20524,6.102
1.20552,6.106
1.2058,6.106
1.20608,6.106
1.20636,6.11
1.20664,6.11
1.20693,6.11
1.20721,6.114
1.20749,6.114
1.20777,6.114
1.20805,6.118
1.20833,6.118
1.20862,6.118
1.2089,6.122
1.20918,6.122
1.20946,6.122
1.20974,6.126
1.21002,6.126
1.2103,6.126
1.21059,6.13
1.21087,6.13
1.21115,6.13
1.21143,6.134
1.21171,6.134
1.21199,6.134
1.21228,6.138
1.21256,6.138
1.21284,6.138
1.21312,6.142
1.2134,6.142
1.21368,6.142
1.21397,6.146
1.21425,6.146
1.21453,6.146
1.21481,6.15
1.21509,6.15
1.21537,6.15
1.21565,6.154
1.21594,6.154
1.21622,6.154
1.2165,6.158
1.21678,6.158
1.21706,6.158
1.21734,6.162
1.21762,6.162
1.21791,6.162
1.21819,6.166
1.21847,6.166
1.21875,6.166
1.21903,6.17
1.21931,6.17
1.2196,6.17
1.21988,6.174
1.22016,6.174
1.22044,6.174
1.22072,6.178
1.221,6.178
1.22128,6.178
1.22157,6.182
1.22185,6.182
1.22213,6.182
1.22241,6.186
1.22269,6.186
1.22297,6.186
1.22326,6.19
1.22354,6.19
1.22382,6.19
1.2241,6.194
1.22438,6.194
1.22466,6.194
1.22495,6.198
1.22523,6.198
1.22551,6.198
1.22579,6.202
1.22607,6.202
1.22635,6.202
1.22664,6.206
1.22692,6.206
1.2272,6.206
1.22748,6.21
1.22776,6.21
1.22804,6.21
1.22833,6.214
1.22861,6.214
1.22889,6.214
1.22917,6.218
1.22945,6.218
1.22973,6.218
1.23001,6.222
1.2303,6.222
1.23058,6.222
1.23086,6.226
1.23114,6.226
1.23142,6.226
1.2317,6.23
1.23198,6.23
1.23227,6.23
1.23255,6.234
1.23283,6.234
1.23311,6.234
1.23339,6.238
1.23367,6.238
1.23396,6.238
1.23424,6.242
1.23452,6.242
1.2348,6.242
1.23508,6.246
1.23536,6.246
1.23565,6.246
1.23593,6.25
1.23621,6.25
1.23649,6.25
1.23677,6.254
1.23705,6.254
1.23734,6.254
1.23762,6.258
1.2379,6.258
1.23818,6.258
1.23846,6.262
1.23874,6.262
1.23903,6.262
1.23931,6.266
1.23959,6.266
1.23987,6.266
1.24015,6.27
1.24043,6.27
1.24072,6.27
1.241,6.274
1.24128,6.274
1.24156,6.274
1.24184,6.278
1.24212,6.278
1.24241,6.278
1.24269,6.282
1.24297,6.282
1.24325,6.282
1.24353,6.286
1.24381,6.286
1.2441,6.286
1.24438,6.29
1.24466,6.29
1.24494,6.29
1.24522,6.294
1.2455,6.294
1.24579,6.294
1.24607,6.298
1.24635,6.298
1.24663,6.298
1.24691,6.302
1.24719,6.302
1.24748,6.302
1.24776,6.306
1.24804,6.306
1.24832,6.306
1.2486,6.31
1.24888,6.31
1.24917,6.31
1.24945,6.314
1.24973,6.314
1.25001,6.314
1.25029,6.318
1.25057,6.318
1.25086,6.318
1.25114,6.322
1.25142,6.322
1.2517,6.322
1.25198,6.326
1.25226,6.326
1.25255,6.326
1.25283,6.33
1.25311,6.33
1.25339,6.33
1.25367,6.334
1.25395,6.334
1.25424,6.334
1.25452,6.338
1.2548,6.338
1.25508,6.338
1.25536,6.342
1.25564,6.342
1.25593,6.342
1.25621,6.346
1.25649,6.346
1.25677,6.346
1.25705,6.35
1.25733,6.35
1.25762,6.35
1.2579,6.354
1.25818,6.354
1.25846,6.354
1.25874,6.358
1.25902,6.358
1.25931,6.358
1.25959,6.362
1.25987,6.362
1.26015,6.362
1.26043,6.366
1.26072,6.366
1.261,6.366
1.26128,6.37
1.26156,6.37
1.26184,6.37
1.26213,6.374
1.26241,6.374
1.26269,6.374
1.26297,6.378
1.26325,6.378
1.26353,6.378
1.26382,6.382
1.2641,6.382
1.26438,6.382
1.26466,6.386
1.26494,6.386
1.26522,6.386
1.26551,6.39
1.26579,6.39
1.26607,6.39
1.26635,6.394
1.26663,6.394
1.26691,6.394
1.2672,6.398
1.26748,6.398
1.26776,6.398
1.26804,6.402
1.26832,6.402
1.2686,6.402
1.26889,6.406
1.26917,6.406
1.26945,6.406
1.26973,6.41
1.27001,6.41
1.27029,6.41
1.27058,6.414
1.27086,6.414
1.27114,6.414
1.27142,6.418
1.2717,6.418
1.27199,6.418
1.27227,6.422
1.27255,6.422
1.27283,6.422
1.27311,6.426
1.27339,6.426
1.27368,6.426
1.27396,6.43
1.27424,6.43
1.27452,6.43
1.2748,6.434
1.27508,6.434
1.27537,6.434
1.27565,6.438
1.27593,6.438
1.27621,6.438
1.27649,6.442
1.27678,6.442
1.27706,6.442
1.27734,6.446
1.27762,6.446
1.2779,6.446
1.27819,6.45
1.27847,6.45
1.27875,6.45
1.27903,6.454
1.27931,6.454
1.27959,6.454
1.27988,6.458
1.28016,6.458
1.28044,6.458
1.28072,6.462
1.281,6.462
1.28128,6.462
1.28157,6.466
1.28185,6.466
1.28213,6.466
1.28241,6.47
1.28269,6.47
1.28298,6.47
1.28326,6.474
1.28354,6.474
1.28382,6.474
1.2841,6.478
1.28438,6.478
1.28467,6.478
1.28495,6.482
1.28523,6.482
1.28551,6.482
1.28579,6.486
1.28608,6.486
1.28636,6.486
1.28664,6.49
1.28692,6.49
1.2872,6.49
1.28749,6.494
1.28777,6.494
1.28805,6.494
1.28833,6.498
1.28861,6.498
1.28889,6.498
1.28918,6.502
1.28946,6.502
1.28974,6.502
1.29002,6.506
1.2903,6.506
1.29058,6.506
1.29087,6.51
1.29115,6.51
1.29143,6.51
1.29171,6.514
1.29199,6.514
1.29228,6.514
1.29256,6.518
1.29284,6.518
1.29312,6.518
1.2934,6.522
1.29369,6.522
1.29397,6.522
1.29425,6.526
1.29453,6.526
1.29481,6.526
1.2951,6.53
1.29538,6.53
1.29566,6.53
1.29594,6.534
1.29622,6.534
1.2965,6.534
1.29679,6.538
1.29707,6.538
1.29735,6.538
1.29763,6.542
1.29791,6.542
1.2982,6.542
1.29848,6.546
1.29876,6.546
1.29904,6.546
1.29932,6.55
1.2996,6.55
1.29989,6.55
1.30017,6.554
1.30045,6.554
1.30073,6.554
1.30101,6.558
1.3013,6.558
1.30158,6.558
1.30186,6.562
1.30214,6.562
1.30242,6.562
1.30271,6.566
1.30299,6.566
1.30327,6.566
1.30355,6.57
1.30383,6.57
1.30411,6.57
1.3044,6.574
1.30468,6.574
1.30496,6.574
1.30524,6.578
1.30552,6.578
1.30581,6.578
1.30609,6.582
1.30637,6.582
1.30665,6.582
1.30693,6.586
1.30722,6.586
1.3075,6.586
1.30778,6.59
1.30806,6.59
1.30834,6.59
1.30863,6.594
1.30891,6.594
1.30919,6.594
1.30947,6.598
1.30975,6.598
1.31003,6.598
1.31032,6.602
1.3106,6.602
1.31088,6.602
1.31116,6.606
1.31144,6.606
1.31173,6.606
1.31201,6.61
1.31229,6.61
1.31257,6.61
1.31286,6.614
1.31314,6.614
1.31342,6.614
1.3137,6.618
1.31398,6.618
1.31426,6.618
1.31455,6.622
1.31483,6.622
1.31511,6.622
1.31539,6.626
1.31567,6.626
1.31596,6.626
1.31624,6.63
1.31652,6.63
1.3168,6.63
1.31708,6.634
1.31736,6.634
1.31765,6.634
1.31793,6.638
1.31821,6.638
1.31849,6.638
1.31878,6.642
1.31906,6.642
1.31934,6.642
1.31962,6.646
1.3199,6.646
1.32018,6.646
1.32047,6.65
1.32075,6.65
1.32103,6.65
1.32131,6.654
1.32159,6.654
1.32188,6.654
1.32216,6.658
1.32244,6.658
1.32272,6.658
1.32301,6.662
1.32329,6.662
1.32357,6.662
1.32385,6.666
1.32413,6.666
1.32441,6.666
1.3247,6.67
1.32498,6.67
1.32526,6.67
1.32554,6.674
1.32582,6.674
1.32611,6.674
1.32639,6.678
1.32667,6.678
1.32695,6.678
1.32723,6.682
1.32752,6.682
1.3278,6.682
1.32808,6.686
1.32836,6.686
1.32864,6.686
1.32893,6.69
1.32921,6.69
1.32949,6.69
1.32977,6.694
1.33005,6.694
1.33034,6.694
1.33062,6.698
1.3309,6.698
1.33118,6.698
1.33146,6.702
1.33175,6.702
1.33203,6.702
1.33231,6.706
1.33259,6.706
1.33287,6.706
1.33316,6.71
1.33344,6.71
1.33372,6.71
1.334,6.714
1.33428,6.714
1.33457,6.714
1.33485,6.718
1.33513,6.718
1.33541,6.718
1.33569,6.722
1.33598,6.722
1.33626,6.722
1.33654,6.726
1.33682,6.726
1.3371,6.726
1.33739,6.73
1.33767,6.73
1.33795,6.73
1.33823,6.734
1.33851,6.734
1.3388,6.734
1.33908,6.738
1.33936,6.738
1.33964,6.738
1.33992,6.742
1.34021,6.742
1.34049,6.742
1.34077,6.746
1.34105,6.746
1.34133,6.746
1.34162,6.75
1.3419,6.75
1.34218,6.75
1.34246,6.754
1.34274,6.754
1.34303,6.754
1.34331,6.758
1.34359,6.758
1.34387,6.758
1.34416,6.762
1.34444,6.762
1.34472,6.762
1.345,6.766
1.34528,6.766
1.34556,6.766
1.34585,6.77
1.34613,6.77
1.34641,6.77
1.34669,6.774
1.34697,6.774
1.34726,6.774
1.34754,6.778
1.34782,6.778
1.3481,6.778
1.34839,6.782
1.34867,6.782
1.34895,6.782
1.34923,6.786
1.34951,6.786
1.3498,6.786
1.35008,6.79
1.35036,6.79
1.35064,6.79
1.35092,6.794
1.35121,6.794
1.35149,6.794
1.35177,6.798
1.35205,6.798
1.35233,6.798
1.35262,6.802
1.3529,6.802
1.35318,6.802
1.35346,6.806
1.35374,6.806
1.35403,6.806
1.35431,6.81
1.35459,6.81
1.35487,6.81
1.35516,6.814
1.35544,6.814
1.35572,6.814
1.356,6.818
1.35628,6.818
1.35656,6.818
1.35685,6.822
1.35713,6.822
1.35741,6.822
1.35769,6.826
1.35798,6.826
1.35826,6.826
1.35854,6.83
1.35882,6.83
1.3591,6.83
1.35939,6.834
1.35967,6.834
1.35995,6.834
1.36023,6.838
1.36051,6.838
1.3608,6.838
1.36108,6.842
1.36136,6.842
1.36164,6.842
1.36193,6.846
1.36221,6.846
1.36249,6.846
1.36277,6.85
1.36305,6.85
1.36334,6.85
1.36362,6.854
1.3639,6.854
1.36418,6.854
1.36446,6.858
1.36475,6.858
1.36503,6.858
1.36531,6.862
1.36559,6.862
1.36587,6.862
1.36616,6.866
1.36644,6.866
1.36672,6.866
1.367,6.87
1.36728,6.87
1.36757,6.87
1.36785,6.874
1.36813,6.874
1.36841,6.874
1.3687,6.878
1.36898,6.878
1.36926,6.878
1.36954,6.882
1.36982,6.882
1.37011,6.882
1.37039,6.886
1.37067,6.886
1.37095,6.886
1.37124,6.89
1.37152,6.89
1.3718,6.89
1.37208,6.894
1.37236,6.894
1.37265,6.894
1.37293,6.898
1.37321,6.898
1.37349,6.898
1.37377,6.902
1.37406,6.902
1.37434,6.902
1.37462,6.906
1.3749,6.906
1.37518,6.906
1.37547,6.91
1.37575,6.91
1.37603,6.91
1.37631,6.914
1.3766,6.914
1.37688,6.914
1.37716,6.918
1.37744,6.918
1.37772,6.918
1.37801,6.922
1.37829,6.922
1.37857,6.922
1.37885,6.926
1.37913,6.926
1.37942,6.926
1.3797,6.93
1.37998,6.93
1.38026,6.93
1.38055,6.934
1.38083,6.934
1.38111,6.934
1.38139,6.938
1.38167,6.938
1.38196,6.938
1.38224,6.942
1.38252,6.942
1.3828,6.942
1.38309,6.946
1.38337,6.946
1.38365,6.946
1.38393,6.95
1.38421,6.95
1.3845,6.95
1.38478,6.954
1.38506,6.954
1.38534,6.954
1.38563,6.958
1.38591,6.958
1.38619,6.958
1.38647,6.962
1.38675,6.962
1.38704,6.962
1.38732,6.966
1.3876,6.966
1.38788,6.966
1.38816,6.97
1.38845,6.97
1.38873,6.97
1.38901,6.974
1.38929,6.974
1.38957,6.974
1.38986,6.978
1.39014,6.978
1.39042,6.978
1.3907,6.982
1.39099,6.982
1.39127,6.982
1.39155,6.986
1.39183,6.986
1.39211,6.986
1.3924,6.99
1.39268,6.99
1.39296,6.99
1.39324,6.994
1.39353,6.994
1.39381,6.994
1.39409,6.998
1.39437,6.998
1.39465,6.998
1.39494,7.002
1.39522,7.002
1.3955,7.002
1.39578,7.006
1.39607,7.006
1.39635,7.006
1.39663,7.01
1.39691,7.01
1.39719,7.01
1.39748,7.014
1.39776,7.014
1.39804,7.014
1.39832,7.018
1.39861,7.018
1.39889,7.018
1.39917,7.022
1.39945,7.022
1.39973,7.022
1.40002,7.026
1.4003,7.026
1.40058,7.026
1.40086,7.03
1.40115,7.03
1.40143,7.03
1.40171,7.034
1.40199,7.034
1.40227,7.034
1.40256,7.038
1.40284,7.038
1.40312,7.038
1.4034,7.042
1.40369,7.042
1.40397,7.042
1.40425,7.046
1.40453,7.046
1.40481,7.046
1.4051,7.05
1.40538,7.05
1.40566,7.05
1.40594,7.054
1.40623,7.054
1.40651,7.054
1.40679,7.058
1.40707,7.058
1.40735,7.058
1.40764,7.062
1.40792,7.062
1.4082,7.062
1.40848,7.066
1.40877,7.066
1.40905,7.066
1.40933,7.07
1.40961,7.07
1.40989,7.07
1.41018,7.074
1.41046,7.074
1.41074,7.074
1.41102,7.078
1.41131,7.078
1.41159,7.078
1.41187,7.082
1.41215,7.082
1.41244,7.082
1.41272,7.086
1.413,7.086
1.41328,7.086
1.41357,7.09
1.41385,7.09
1.41413,7.09
1.41441,7.094
1.41469,7.094
1.41498,7.094
1.41526,7.098
1.41554,7.098
1.41582,7.098
1.41611,7.102
1.41639,7.102
1.41667,7.102
1.41695,7.106
1.41723,7.106
1.41752,7.106
1.4178,7.11
1.41808,7.11
1.41836,7.11
1.41865,7.114
1.41893,7.114
1.41921,7.114
1.41949,7.118
1.41977,7.118
1.42006,7.118
1.42034,7.122
1.42062,7.122
1.4209,7.122
1.42119,7.126
1.42147,7.126
1.42175,7.126
1.42203,7.13
1.42231,7.13
1.4226,7.13
1.42288,7.134
1.42316,7.134
1.42344,7.134
1.42373,7.138
1.42401,7.138
1.42429,7.138
1.42457,7.142
1.42486,7.142
1.42514,7.142
1.42542,7.146
1.4257,7.146
1.42598,7.146
1.42627,7.15
1.42655,7.15
1.42683,7.15
1.42711,7.154
1.4274,7.154
1.42768,7.154
1.42796,7.158
1.42824,7.158
1.42853,7.158
1.42881,7.162
1.42909,7.162
1.42937,7.162
1.42966,7.166
1.42994,7.166
1.43022,7.166
1.4305,7.17
1.43078,7.17
1.43107,7.17
1.43135,7.174
1.43163,7.174
1.43191,7.174
1.4322,7.178
1.43248,7.178
1.43276,7.178
1.43304,7.182
1.43332,7.182
1.43361,7.182
1.43389,7.186
1.43417,7.186
1.43445,7.186
1.43474,7.19
1.43502,7.19
1.4353,7.19
1.43558,7.194
1.43587,7.194
1.43615,7.194
1.43643,7.198
1.43671,7.198
1.43699,7.198
1.43728,7.202
1.43756,7.202
1.43784,7.202
1.43813,7.206
1.43841,7.206
1.43869,7.206
1.43897,7.21
1.43925,7.21
1.43954,7.21
1.43982,7.214
1.4401,7.214
1.44038,7.214
1.44067,7.218
1.44095,7.218
1.44123,7.218
1.44151,7.222
1.44179,7.222
1.44208,7.222
1.44236,7.226
1.44264,7.226
1.44292,7.226
1.44321,7.23
1.44349,7.23
1.44377,7.23
1.44405,7.234
1.44434,7.234
1.44462,7.234
1.4449,7.238
1.44518,7.238
1.44547,7.238
1.44575,7.242
1.44603,7.242
1.44631,7.242
1.4466,7.246
1.44688,7.246
1.44716,7.246
1.44744,7.25
1.44772,7.25
1.44801,7.25
1.44829,7.254
1.44857,7.254
1.44885,7.254
1.44914,7.258
1.44942,7.258
1.4497,7.258
1.44998,7.262
1.45027,7.262
1.45055,7.262
1.45083,7.266
1.45111,7.266
1.45139,7.266
1.45168,7.27
1.45196,7.27
1.45224,7.27
1.45253,7.274
1.45281,7.274
1.45309,7.274
1.45337,7.278
1.45365,7.278
1.45394,7.278
1.45422,7.282
1.4545,7.282
1.45478,7.282
1.45507,7.286
1.45535,7.286
1.45563,7.286
1.45591,7.29
1.4562,7.29
1.45648,7.29
1.45676,7.294
1.45704,7.294
1.45732,7.294
1.45761,7.298
1.45789,7.298
1.45817,7.298
1.45846,7.302
1.45874,7.302
1.45902,7.302
1.4593,7.306
1.45958,7.306
1.45987,7.306
1.46015,7.31
1.46043,7.31
1.46071,7.31
1.461,7.314
1.46128,7.314
1.46156,7.314
1.46184,7.318
1.46213,7.318
1.46241,7.318
1.46269,7.322
1.46297,7.322
1.46326,7.322
1.46354,7.326
1.46382,7.326
1.4641,7.326
1.46439,7.33
1.46467,7.33
1.46495,7.33
1.46523,7.334
1.46551,7.334
1.4658,7.334
1.46608,7.338
1.46636,7.338
1.46664,7.338
1.46693,7.342
1.46721,7.342
1.46749,7.342
1.46777,7.346
1.46806,7.346
1.46834,7.346
1.46862,7.35
1.4689,7.35
1.46919,7.35
1.46947,7.354
1.46975,7.354
1.47003,7.354
1.47032,7.358
1.4706,7.358
1.47088,7.358
1.47116,7.362
1.47145,7.362
1.47173,7.362
1.47201,7.366
1.47229,7.366
1.47258,7.366
1.47286,7.37
1.47314,7.37
1.47342,7.37
1.47371,7.374
1.47399,7.374
1.47427,7.374
1.47455,7.378
1.47483,7.378
1.47512,7.378
1.4754,7.382
1.47568,7.382
1.47596,7.382
1.47625,7.386
1.47653,7.386
1.47681,7.386
1.4771,7.39
1.47738,7.39
1.47766,7.39
1.47794,7.394
1.47822,7.394
1.47851,7.394
1.47879,7.398
1.47907,7.398
1.47935,7.398
1.47964,7.402
1.47992,7.402
1.4802,7.402
1.48048,7.406
1.48077,7.406
1.48105,7.406
1.48133,7.41
1.48161,7.41
1.4819,7.41
1.48218,7.414
1.48246,7.414
1.48274,7.414
1.48303,7.418
1.48331,7.418
1.48359,7.418
1.48387,7.422
1.48416,7.422
1.48444,7.422
1.48472,7.426
1.485,7.426
1.48529,7.426
1.48557,7.43
1.48585,7.43
1.48613,7.43
1.48642,7.434
1.4867,7.434
1.48698,7.434
1.48726,7.438
1.48755,7.438
1.48783,7.438
1.48811,7.442
1.48839,7.442
1.48868,7.442
1.48896,7.446
1.48924,7.446
1.48952,7.446
1.48981,7.45
1.49009,7.45
1.49037,7.45
1.49065,7.454
1.49093,7.454
1.49122,7.454
1.4915,7.458
1.49178,7.458
1.49206,7.458
1.49235,7.462
1.49263,7.462
1.49291,7.462
1.4932,7.466
1.49348,7.466
1.49376,7.466
1.49404,7.47
1.49432,7.47
1.49461,7.47
1.49489,7.474
1.49517,7.474
1.49545,7.474
1.49574,7.478
1.49602,7.478
1.4963,7.478
1.49659,7.482
1.49687,7.482
1.49715,7.482
1.49743,7.486
1.49771,7.486
1.498,7.486
1.49828,7.49
1.49856,7.49
1.49884,7.49
1.49913,7.494
1.49941,7.494
1.49969,7.494
1.49998,7.498
1.5,7.498
